date,prev_state,pred,prob,action,size,pct_return,option_rec,cum_return_strategy,cum_return_hold
2017-11-17,"('D', 'U', 'U')",D,0.5,0,0.0,-0.0,"{'side': None, 'strike': None, 'otm_steps': None, 'note': 'No trade (neutral)'}",0.0,0.010317455946142973
2017-11-24,"('U', 'U', 'D')",U,0.6,1,0.6685670215784729,0.006661493740835259,"{'side': 'PE', 'strike': 10150, 'otm_steps': 3, 'note': 'Sell weekly PE strike 10150 (OTM 150 pts), exp_move≈150.5'}",0.006661493740835356,-0.015733771328474866
2017-12-01,"('U', 'D', 'D')",U,0.625,1,0.7135196942401478,-0.016476089784813474,"{'side': 'PE', 'strike': 10250, 'otm_steps': 3, 'note': 'Sell weekly PE strike 10250 (OTM 150 pts), exp_move≈148.4'}",-0.009924351412953114,-0.0017454217814584227
2017-12-08,"('D', 'D', 'U')",U,0.5,0,0.0,0.0,"{'side': None, 'strike': None, 'otm_steps': None, 'note': 'No trade (neutral)'}",-0.009924351412953114,0.004828113939766565
2017-12-15,"('D', 'U', 'D')",U,0.7,1,0.7465126753695356,0.001647171656530424,"{'side': 'PE', 'strike': 10100, 'otm_steps': 3, 'note': 'Sell weekly PE strike 10100 (OTM 150 pts), exp_move≈157.0'}",-0.008293526866779533,0.020362557720946528
2017-12-22,"('U', 'D', 'U')",D,0.4666666666666667,0,0.0,0.0,"{'side': None, 'strike': None, 'otm_steps': None, 'note': 'No trade (neutral)'}",-0.008293526866779533,0.024028608203710444
2017-12-29,"('D', 'U', 'U')",D,0.5555555555555556,0,0.0,0.0,"{'side': None, 'strike': None, 'otm_steps': None, 'note': 'No trade (neutral)'}",-0.008293526866779533,0.0267659195666341
2018-01-05,"('U', 'U', 'U')",D,0.6666666666666666,-1,0.7789916427507247,-0.006044530409246536,"{'side': 'CE', 'strike': 10700, 'otm_steps': 3, 'note': 'Sell weekly CE strike 10700 (OTM 150 pts), exp_move≈147.0'}",-0.014287926800679918,0.03866840461801768
2018-01-12,"('U', 'U', 'N')",N,0.3333333333333333,0,0.0,0.0,"{'side': None, 'strike': None, 'otm_steps': None, 'note': 'No trade (neutral)'}",-0.014287926800679918,0.05942477431544435
2018-01-19,"('U', 'N', 'U')",U,0.75,1,0.9381789489772505,0.015422616415344266,"{'side': 'PE', 'strike': 10550, 'otm_steps': 3, 'note': 'Sell weekly PE strike 10550 (OTM 150 pts), exp_move≈139.3'}",0.0009143324002469644,0.07643731875105297
2018-01-26,"('N', 'U', 'U')",D,0.6666666666666666,-1,0.8362759611164292,-0.01432701902814071,"{'side': 'CE', 'strike': 11050, 'otm_steps': 3, 'note': 'Sell weekly CE strike 11050 (OTM 150 pts), exp_move≈141.6'}",-0.013425786285590102,0.046384536360706496
2018-02-02,"('U', 'U', 'U')",D,0.5,0,0.0,-0.0,"{'side': None, 'strike': None, 'otm_steps': None, 'note': 'No trade (neutral)'}",-0.013425786285590102,0.016662510448315127
2018-02-09,"('U', 'U', 'U')",U,0.4,0,0.0,-0.0,"{'side': None, 'strike': None, 'otm_steps': None, 'note': 'No trade (neutral)'}",-0.013425786285590102,0.016404780594404533
2018-02-16,"('U', 'U', 'D')",U,0.6666666666666666,1,0.620004025000864,-0.0038845531248623746,"{'side': 'PE', 'strike': 10250, 'otm_steps': 4, 'note': 'Sell weekly PE strike 10250 (OTM 200 pts), exp_move≈183.3'}",-0.017258186230383,0.020172916409870734
2018-02-23,"('U', 'D', 'D')",U,0.6666666666666666,1,0.6344920116508592,0.00013002183275619868,"{'side': 'PE', 'strike': 10250, 'otm_steps': 4, 'note': 'Sell weekly PE strike 10250 (OTM 200 pts), exp_move≈179.1'}",-0.017130408338630443,0.016993077000070134
2018-03-02,"('D', 'D', 'D')",U,0.5,0,0.0,-0.0,"{'side': None, 'strike': None, 'otm_steps': None, 'note': 'No trade (neutral)'}",-0.017130408338630443,-0.005518495678134228
2018-03-09,"('D', 'D', 'N')",N,1.0,0,0.9943852235018329,-0.0,"{'side': None, 'strike': None, 'otm_steps': None, 'note': 'No trade (neutral)'}",-0.017130408338630443,-0.008600997910241936
2018-03-16,"('D', 'N', 'D')",U,1.0,0,0.0,-0.0,"{'side': None, 'strike': None, 'otm_steps': None, 'note': 'No trade (neutral)'}",-0.017130408338630443,-0.02776749538431844
2018-03-23,"('N', 'D', 'D')",U,0.5,0,0.0,-0.0,"{'side': None, 'strike': None, 'otm_steps': None, 'note': 'No trade (neutral)'}",-0.017130408338630443,-0.01652139528143548
2018-03-30,"('D', 'D', 'D')",N,0.4,0,0.0,0.0,"{'side': None, 'strike': None, 'otm_steps': None, 'note': 'No trade (neutral)'}",-0.017130408338630443,0.004667626300448369
2018-04-06,"('D', 'D', 'D')",D,0.3333333333333333,0,0.0,0.0,"{'side': None, 'strike': None, 'otm_steps': None, 'note': 'No trade (neutral)'}",-0.017130408338630443,0.019156716274757013
2018-04-13,"('D', 'D', 'U')",D,0.5,0,0.0,0.0,"{'side': None, 'strike': None, 'otm_steps': None, 'note': 'No trade (neutral)'}",-0.017130408338630443,0.027271598075135683
2018-04-20,"('D', 'U', 'U')",D,0.5555555555555556,0,0.0,0.0,"{'side': None, 'strike': None, 'otm_steps': None, 'note': 'No trade (neutral)'}",-0.017130408338630443,0.03974291209664638
2018-04-27,"('U', 'U', 'U')",D,0.5,0,0.0,0.0,"{'side': None, 'strike': None, 'otm_steps': None, 'note': 'No trade (neutral)'}",-0.017130408338630443,0.0325421450986787
2018-05-04,"('U', 'U', 'U')",D,0.4,0,0.0,-0.0,"{'side': None, 'strike': None, 'otm_steps': None, 'note': 'No trade (neutral)'}",-0.017130408338630443,0.05084799199574985
2018-05-11,"('U', 'U', 'U')",U,0.5,0,0.0,0.0,"{'side': None, 'strike': None, 'otm_steps': None, 'note': 'No trade (neutral)'}",-0.017130408338630443,0.030417440695068798
2018-05-18,"('U', 'U', 'D')",U,0.6666666666666666,1,0.7054946025141634,-0.014269514405805206,"{'side': 'PE', 'strike': 10650, 'otm_steps': 3, 'note': 'Sell weekly PE strike 10650 (OTM 150 pts), exp_move≈166.5'}",-0.031155480135870217,0.03126831007275466
2018-05-25,"('U', 'D', 'U')",D,0.5,0,0.0,-0.0,"{'side': None, 'strike': None, 'otm_steps': None, 'note': 'No trade (neutral)'}",-0.031155480135870217,0.04012219471879774
2018-06-01,"('D', 'U', 'D')",U,0.6666666666666666,1,0.7353645805756062,0.0033045145350268047,"{'side': 'PE', 'strike': 10450, 'otm_steps': 3, 'note': 'Sell weekly PE strike 10450 (OTM 150 pts), exp_move≈156.8'}",-0.027953919337798117,0.047070169944064544
2018-06-08,"('U', 'D', 'N')",D,1.0,-1,1.3250593482026947,-0.00020925785942976246,"{'side': 'CE', 'strike': 10850, 'otm_steps': 3, 'note': 'Sell weekly CE strike 10850 (OTM 150 pts), exp_move≈131.7'}",-0.028157327619904526,0.05193712379180804
2018-06-15,"('D', 'N', 'U')",U,0.4635281385281385,0,0.0,0.0,"{'side': None, 'strike': None, 'otm_steps': None, 'note': 'No trade (neutral)'}",-0.028157327619904526,0.05234062200450751
2018-06-22,"('N', 'U', 'N')",U,0.44144237405106973,0,0.0,-0.0,"{'side': None, 'strike': None, 'otm_steps': None, 'note': 'No trade (neutral)'}",-0.028157327619904526,0.04188224081768532
2018-06-29,"('U', 'N', 'U')",U,0.8,1,1.2467704841100256,-0.012510510142107132,"{'side': 'PE', 'strike': 10700, 'otm_steps': 2, 'note': 'Sell weekly PE strike 10700 (OTM 100 pts), exp_move≈113.2'}",-0.040315575229248224,0.04755638101702808
2018-07-06,"('N', 'U', 'N')",U,1.0,1,1.4714663403562795,0.005525466953446542,"{'side': 'PE', 'strike': 10600, 'otm_steps': 2, 'note': 'Sell weekly PE strike 10600 (OTM 100 pts), exp_move≈118.8'}",-0.03501287065444003,0.07150227636047446
2018-07-13,"('U', 'N', 'D')",D,1.0,-1,1.5,-0.024994776283000307,"{'side': 'CE', 'strike': 10850, 'otm_steps': 2, 'note': 'Sell weekly CE strike 10850 (OTM 100 pts), exp_move≈113.7'}",-0.059132508068406975,0.07065625010089804
2018-07-20,"('N', 'D', 'U')",N,1.0,0,1.3359405084233256,-0.0,"{'side': None, 'strike': None, 'otm_steps': None, 'note': 'No trade (neutral)'}",-0.059132508068406975,0.09673169296606376
2018-07-27,"('D', 'U', 'U')",D,0.4444444444444444,0,0.0,0.0,"{'side': None, 'strike': None, 'otm_steps': None, 'note': 'No trade (neutral)'}",-0.059132508068406975,0.10474933255184982
2018-08-03,"('U', 'U', 'N')",U,0.5,0,0.0,0.0,"{'side': None, 'strike': None, 'otm_steps': None, 'note': 'No trade (neutral)'}",-0.059132508068406975,0.11142989168698669
2018-08-10,"('U', 'N', 'U')",U,0.6666666666666666,1,1.0556809048920395,0.0025925593419266852,"{'side': 'PE', 'strike': 11250, 'otm_steps': 2, 'note': 'Sell weekly PE strike 11250 (OTM 100 pts), exp_move≈117.0'}",-0.056693253262684595,0.11544113303893466
2018-08-17,"('N', 'U', 'U')",D,0.5,0,0.0,0.0,"{'side': None, 'strike': None, 'otm_steps': None, 'note': 'No trade (neutral)'}",-0.056693253262684595,0.12383796028377203
2018-08-24,"('U', 'U', 'U')",D,0.42857142857142855,0,0.0,0.0,"{'side': None, 'strike': None, 'otm_steps': None, 'note': 'No trade (neutral)'}",-0.056693253262684595,0.13583768754974845
2018-08-31,"('U', 'U', 'U')",U,0.5,0,0.0,0.0,"{'side': None, 'strike': None, 'otm_steps': None, 'note': 'No trade (neutral)'}",-0.056693253262684595,0.12694971115073783
2018-09-07,"('U', 'U', 'U')",U,0.5555555555555556,0,0.0,-0.0,"{'side': None, 'strike': None, 'otm_steps': None, 'note': 'No trade (neutral)'}",-0.056693253262684595,0.1197635684701992
2018-09-14,"('U', 'U', 'U')",U,0.6,1,1.0049293937702195,-0.0047813285669521715,"{'side': 'PE', 'strike': 11500, 'otm_steps': 2, 'note': 'Sell weekly PE strike 11500 (OTM 100 pts), exp_move≈112.8'}",-0.061203512758258416,0.08357968344240452
2018-09-21,"('U', 'U', 'D')",U,0.75,1,1.1391401584031464,-0.03197858875975657,"{'side': 'PE', 'strike': 11400, 'otm_steps': 2, 'note': 'Sell weekly PE strike 11400 (OTM 100 pts), exp_move≈123.6'}",-0.09122489955286617,0.06290118348713225
2018-09-28,"('U', 'D', 'D')",D,0.5,0,0.0,-0.0,"{'side': None, 'strike': None, 'otm_steps': None, 'note': 'No trade (neutral)'}",-0.09122489955286617,0.003194463727229424
2018-10-05,"('D', 'D', 'D')",U,0.42857142857142855,0,0.0,-0.0,"{'side': None, 'strike': None, 'otm_steps': None, 'note': 'No trade (neutral)'}",-0.09122489955286617,0.01836909232179651
2018-10-12,"('D', 'D', 'D')",D,0.375,0,0.0,0.0,"{'side': None, 'strike': None, 'otm_steps': None, 'note': 'No trade (neutral)'}",-0.09122489955286617,0.0019400011737438216
2018-10-19,"('D', 'D', 'D')",D,0.4444444444444444,0,0.0,-0.0,"{'side': None, 'strike': None, 'otm_steps': None, 'note': 'No trade (neutral)'}",-0.09122489955286617,-0.02466058763546264
2018-10-26,"('D', 'D', 'U')",U,0.6666666666666666,0,0.0,-0.0,"{'side': None, 'strike': None, 'otm_steps': None, 'note': 'No trade (neutral)'}",-0.09122489955286617,0.026197090596506767
2018-11-02,"('D', 'U', 'D')",D,0.4,0,0.0,0.0,"{'side': None, 'strike': None, 'otm_steps': None, 'note': 'No trade (neutral)'}",-0.09122489955286617,0.029328308899011057
2018-11-09,"('U', 'D', 'D')",U,0.5,0,0.0,0.0,"{'side': None, 'strike': None, 'otm_steps': None, 'note': 'No trade (neutral)'}",-0.09122489955286617,0.038760803714500636
2018-11-16,"('D', 'D', 'U')",U,0.5714285714285714,0,0.0,0.0,"{'side': None, 'strike': None, 'otm_steps': None, 'note': 'No trade (neutral)'}",-0.09122489955286617,0.02364448246344919
2018-11-23,"('D', 'U', 'U')",U,0.3333333333333333,0,0.0,-0.0,"{'side': None, 'strike': None, 'otm_steps': None, 'note': 'No trade (neutral)'}",-0.09122489955286617,0.05767925757088577
2018-11-30,"('U', 'U', 'U')",U,0.5454545454545454,0,0.0,0.0,"{'side': None, 'strike': None, 'otm_steps': None, 'note': 'No trade (neutral)'}",-0.09122489955286617,0.03987908918231664
2018-12-07,"('U', 'U', 'D')",U,0.625,0,0.0,-0.0,"{'side': None, 'strike': None, 'otm_steps': None, 'note': 'No trade (neutral)'}",-0.09122489955286617,0.05074590666304801
2018-12-14,"('U', 'D', 'U')",U,0.4444444444444444,0,0.0,0.0,"{'side': None, 'strike': None, 'otm_steps': None, 'note': 'No trade (neutral)'}",-0.09122489955286617,0.0457427757296347
2018-12-21,"('D', 'U', 'D')",D,0.5,0,0.0,-0.0,"{'side': None, 'strike': None, 'otm_steps': None, 'note': 'No trade (neutral)'}",-0.09122489955286617,0.05604076424023896
2018-12-28,"('U', 'D', 'U')",U,0.4,0,0.0,0.0,"{'side': None, 'strike': None, 'otm_steps': None, 'note': 'No trade (neutral)'}",-0.09122489955286617,0.0431512327254997
2019-01-04,"('D', 'U', 'D')",D,0.42857142857142855,0,0.0,-0.0,"{'side': None, 'strike': None, 'otm_steps': None, 'note': 'No trade (neutral)'}",-0.09122489955286617,0.04972486340982485
2019-01-11,"('U', 'D', 'U')",D,0.45454545454545453,0,0.0,-0.0,"{'side': None, 'strike': None, 'otm_steps': None, 'note': 'No trade (neutral)'}",-0.09122489955286617,0.060615991444204376
2019-01-18,"('D', 'U', 'D')",U,0.5,0,0.0,0.0,"{'side': None, 'strike': None, 'otm_steps': None, 'note': 'No trade (neutral)'}",-0.09122489955286617,0.048324537534450096
2019-01-25,"('U', 'D', 'N')",U,1.0,1,1.0643227033019464,-0.013528991068840573,"{'side': 'PE', 'strike': 10750, 'otm_steps': 3, 'note': 'Sell weekly PE strike 10750 (OTM 150 pts), exp_move≈167.1'}",-0.10351970977040015,0.059322688982741845
2019-02-01,"('D', 'N', 'U')",N,1.0,0,1.0316245112910554,0.0,"{'side': None, 'strike': None, 'otm_steps': None, 'note': 'No trade (neutral)'}",-0.10351970977040015,0.06417986163116574
2019-02-08,"('N', 'U', 'D')",U,1.0,1,1.0850185469144307,0.0066686341072342194,"{'side': 'PE', 'strike': 10750, 'otm_steps': 3, 'note': 'Sell weekly PE strike 10750 (OTM 150 pts), exp_move≈163.7'}",-0.09754141073051181,0.04286444416293134
2019-02-15,"('U', 'D', 'U')",D,0.5454545454545454,0,0.0,-0.0,"{'side': None, 'strike': None, 'otm_steps': None, 'note': 'No trade (neutral)'}",-0.09754141073051181,0.04940398309428895
2019-02-22,"('D', 'U', 'U')",D,0.375,0,0.0,0.0,"{'side': None, 'strike': None, 'otm_steps': None, 'note': 'No trade (neutral)'}",-0.09754141073051181,0.05639079822753246
2019-03-01,"('U', 'U', 'D')",U,0.625,1,0.912993462997595,0.004242750469620988,"{'side': 'PE', 'strike': 10700, 'otm_steps': 2, 'note': 'Sell weekly PE strike 10700 (OTM 100 pts), exp_move≈120.5'}",-0.09371250412707521,0.07310677290125356
2019-03-08,"('U', 'D', 'U')",D,0.5454545454545454,0,0.0,0.0,"{'side': None, 'strike': None, 'otm_steps': None, 'note': 'No trade (neutral)'}",-0.09371250412707521,0.11117216183307632
2019-03-15,"('D', 'U', 'U')",D,0.375,0,0.0,0.0,"{'side': None, 'strike': None, 'otm_steps': None, 'note': 'No trade (neutral)'}",-0.09371250412707521,0.11409436635206638
2019-03-22,"('U', 'U', 'U')",U,0.5454545454545454,0,0.0,-0.0,"{'side': None, 'strike': None, 'otm_steps': None, 'note': 'No trade (neutral)'}",-0.09371250412707521,0.12509242283725786
2019-03-29,"('U', 'U', 'U')",U,0.5833333333333334,0,0.0,0.0,"{'side': None, 'strike': None, 'otm_steps': None, 'note': 'No trade (neutral)'}",-0.09371250412707521,0.13442283232004515
2019-04-05,"('U', 'U', 'N')",U,0.75,1,0.8203208091736282,5.274153864306993e-05,"{'side': 'PE', 'strike': 11400, 'otm_steps': 3, 'note': 'Sell weekly PE strike 11400 (OTM 150 pts), exp_move≈172.5'}",-0.09366470513008984,0.1322348824917099
2019-04-12,"('U', 'N', 'U')",U,0.6666666666666666,1,0.8013845959073496,-0.004169719288834282,"{'side': 'PE', 'strike': 11500, 'otm_steps': 3, 'note': 'Sell weekly PE strike 11500 (OTM 150 pts), exp_move≈158.3'}",-0.09744386889126022,0.14286828067217883
2019-04-19,"('N', 'U', 'N')",U,0.5,0,0.0,0.0,"{'side': None, 'strike': None, 'otm_steps': None, 'note': 'No trade (neutral)'}",-0.09744386889126022,0.1430482357470355
2019-04-26,"('U', 'N', 'D')",D,0.5,0,0.0,0.0,"{'side': None, 'strike': None, 'otm_steps': None, 'note': 'No trade (neutral)'}",-0.09744386889126022,0.13892512786306588
2019-05-03,"('N', 'D', 'U')",U,1.0,1,1.5,-0.004660070220236195,"{'side': 'PE', 'strike': 11650, 'otm_steps': 2, 'note': 'Sell weekly PE strike 11650 (OTM 100 pts), exp_move≈123.9'}",-0.10164984383993159,0.09678525215457001
2019-05-10,"('D', 'U', 'U')",U,0.4444444444444444,0,0.0,-0.0,"{'side': None, 'strike': None, 'otm_steps': None, 'note': 'No trade (neutral)'}",-0.10164984383993159,0.1092565661760807
2019-05-17,"('U', 'U', 'D')",U,0.625,1,0.5580432304831092,0.007358009816490779,"{'side': 'PE', 'strike': 11100, 'otm_steps': 4, 'note': 'Sell weekly PE strike 11100 (OTM 200 pts), exp_move≈206.0'}",-0.09503977457225987,0.1517464758718703
2019-05-24,"('U', 'D', 'D')",U,0.6,1,0.5437716693003547,0.008969566037656931,"{'side': 'PE', 'strike': 11200, 'otm_steps': 4, 'note': 'Sell weekly PE strike 11200 (OTM 200 pts), exp_move≈205.3'}",-0.0869226740688328,0.15939945715293402
2019-05-31,"('D', 'D', 'U')",U,0.6666666666666666,1,0.5855468473837787,0.0033239583707401353,"{'side': 'PE', 'strike': 11650, 'otm_steps': 4, 'note': 'Sell weekly PE strike 11650 (OTM 200 pts), exp_move≈219.9'}",-0.08388764304817098,0.15432833263978596
2019-06-07,"('D', 'U', 'U')",D,0.4,0,0.0,-0.0,"{'side': None, 'strike': None, 'otm_steps': None, 'note': 'No trade (neutral)'}",-0.08388764304817098,0.14972385680096267
2019-06-14,"('U', 'U', 'U')",U,0.5384615384615384,0,0.0,-0.0,"{'side': None, 'strike': None, 'otm_steps': None, 'note': 'No trade (neutral)'}",-0.08388764304817098,0.14007741012074915
2019-06-21,"('U', 'U', 'D')",U,0.5555555555555556,0,0.0,-0.0,"{'side': None, 'strike': None, 'otm_steps': None, 'note': 'No trade (neutral)'}",-0.08388764304817098,0.14637384351562477
2019-06-28,"('U', 'D', 'D')",U,0.6666666666666666,1,0.5757959655830441,0.003096063703505206,"{'side': 'PE', 'strike': 11500, 'otm_steps': 4, 'note': 'Sell weekly PE strike 11500 (OTM 200 pts), exp_move≈221.4'}",-0.08105130083147993,0.14854242087152159
2019-07-05,"('D', 'D', 'D')",D,0.5,0,0.0,-0.0,"{'side': None, 'strike': None, 'otm_steps': None, 'note': 'No trade (neutral)'}",-0.08105130083147993,0.12339068408188592
2019-07-12,"('D', 'D', 'U')",U,0.6666666666666666,1,0.5804236578872135,-0.010745135049301368,"{'side': 'PE', 'strike': 11600, 'otm_steps': 4, 'note': 'Sell weekly PE strike 11600 (OTM 200 pts), exp_move≈221.3'}",-0.09092552870742554,0.1104331589874119
2019-07-19,"('D', 'U', 'D')",U,0.42857142857142855,0,0.0,-0.0,"{'side': None, 'strike': None, 'otm_steps': None, 'note': 'No trade (neutral)'}",-0.09092552870742554,0.09731030313551026
2019-07-26,"('U', 'D', 'D')",U,0.5714285714285714,0,0.0,-0.0,"{'side': None, 'strike': None, 'otm_steps': None, 'note': 'No trade (neutral)'}",-0.09092552870742554,0.06940663066552188
2019-08-02,"('D', 'D', 'D')",D,0.42857142857142855,0,0.0,-0.0,"{'side': None, 'strike': None, 'otm_steps': None, 'note': 'No trade (neutral)'}",-0.09092552870742554,0.0803270073347595
2019-08-09,"('D', 'D', 'D')",D,0.5,0,0.0,0.0,"{'side': None, 'strike': None, 'otm_steps': None, 'note': 'No trade (neutral)'}",-0.09092552870742554,0.07431251938434236
2019-08-16,"('D', 'D', 'D')",D,0.5555555555555556,0,0.0,-0.0,"{'side': None, 'strike': None, 'otm_steps': None, 'note': 'No trade (neutral)'}",-0.09092552870742554,0.05306993861395237
2019-08-23,"('D', 'D', 'U')",U,0.5714285714285714,0,0.0,-0.0,"{'side': None, 'strike': None, 'otm_steps': None, 'note': 'No trade (neutral)'}",-0.09092552870742554,0.0719252420087122
2019-08-30,"('D', 'U', 'D')",D,0.375,0,0.0,0.0,"{'side': None, 'strike': None, 'otm_steps': None, 'note': 'No trade (neutral)'}",-0.09092552870742554,0.06443274836696666
2019-09-06,"('U', 'D', 'D')",U,0.5,0,0.0,-0.0,"{'side': None, 'strike': None, 'otm_steps': None, 'note': 'No trade (neutral)'}",-0.09092552870742554,0.07704508259225684
2019-09-13,"('D', 'D', 'U')",U,0.5,0,0.0,0.0,"{'side': None, 'strike': None, 'otm_steps': None, 'note': 'No trade (neutral)'}",-0.09092552870742554,0.09632819475336452
2019-09-20,"('D', 'U', 'N')",U,0.5276388888888889,0,0.0,0.0,"{'side': None, 'strike': None, 'otm_steps': None, 'note': 'No trade (neutral)'}",-0.09092552870742554,0.11949130926195983
2019-09-27,"('U', 'N', 'U')",U,0.5,0,0.0,-0.0,"{'side': None, 'strike': None, 'otm_steps': None, 'note': 'No trade (neutral)'}",-0.09092552870742554,0.08665743751950283
2019-10-04,"('N', 'U', 'U')",U,1.0,0,0.0,-0.0,"{'side': None, 'strike': None, 'otm_steps': None, 'note': 'No trade (neutral)'}",-0.09092552870742554,0.09932807908830843
2019-10-11,"('U', 'U', 'D')",D,0.5555555555555556,0,0.0,0.0,"{'side': None, 'strike': None, 'otm_steps': None, 'note': 'No trade (neutral)'}",-0.09092552870742554,0.13402408226235507
2019-10-18,"('U', 'D', 'D')",U,0.5,0,0.0,0.0,"{'side': None, 'strike': None, 'otm_steps': None, 'note': 'No trade (neutral)'}",-0.09092552870742554,0.12644412760533608
2019-10-25,"('D', 'D', 'U')",D,0.5,0,0.0,-0.0,"{'side': None, 'strike': None, 'otm_steps': None, 'note': 'No trade (neutral)'}",-0.09092552870742554,0.1562682388504295
2019-11-01,"('D', 'U', 'U')",U,0.625,1,0.519694496993205,0.011008492910462808,"{'side': 'PE', 'strike': 11350, 'otm_steps': 5, 'note': 'Sell weekly PE strike 11350 (OTM 250 pts), exp_move≈227.2'}",-0.08091798883511847,0.15797491568701116
2019-11-08,"('U', 'U', 'D')",D,0.625,-1,0.5489548911343971,0.000954892204481048,"{'side': 'CE', 'strike': 12100, 'otm_steps': 4, 'note': 'Sell weekly CE strike 12100 (OTM 200 pts), exp_move≈220.8'}",-0.08004036458737829,0.15673992056906405
2019-11-15,"('U', 'D', 'U')",D,0.5714285714285714,0,0.0,0.0,"{'side': None, 'strike': None, 'otm_steps': None, 'note': 'No trade (neutral)'}",-0.08004036458737829,0.15858267952821525
2019-11-22,"('D', 'U', 'N')",U,1.0,1,0.9044336130980597,-5.692963895422253e-05,"{'side': 'PE', 'strike': 11700, 'otm_steps': 4, 'note': 'Sell weekly PE strike 11700 (OTM 200 pts), exp_move≈214.5'}",-0.08009273755727475,0.1723569822474078
2019-11-29,"('U', 'N', 'N')",U,0.5076530612244897,0,0.0,0.0,"{'side': None, 'strike': None, 'otm_steps': None, 'note': 'No trade (neutral)'}",-0.08009273755727475,0.15927306126658336
2019-12-06,"('N', 'N', 'N')",U,0.4805194805194805,0,0.0,-0.0,"{'side': None, 'strike': None, 'otm_steps': None, 'note': 'No trade (neutral)'}",-0.08009273755727475,0.1753374941099135
2019-12-13,"('N', 'N', 'U')",U,0.5006901311249138,0,0.0,0.0,"{'side': None, 'strike': None, 'otm_steps': None, 'note': 'No trade (neutral)'}",-0.08009273755727475,0.19333699004577753
2019-12-20,"('N', 'U', 'D')",U,1.0,1,1.1839285841104308,0.013706883918822977,"{'side': 'PE', 'strike': 11950, 'otm_steps': 3, 'note': 'Sell weekly PE strike 11950 (OTM 150 pts), exp_move≈166.5'}",-0.0674836754948901,0.1908086924663679
2019-12-27,"('U', 'D', 'U')",D,0.5714285714285714,0,0.0,0.0,"{'side': None, 'strike': None, 'otm_steps': None, 'note': 'No trade (neutral)'}",-0.0674836754948901,0.18894656103477825
2020-01-03,"('D', 'U', 'U')",U,0.5,0,0.0,-0.0,"{'side': None, 'strike': None, 'otm_steps': None, 'note': 'No trade (neutral)'}",-0.0674836754948901,0.19187835682688736
2020-01-10,"('U', 'U', 'N')",U,1.0,1,1.4705036462286634,0.010415074489428841,"{'side': 'PE', 'strike': 12100, 'otm_steps': 3, 'note': 'Sell weekly PE strike 12100 (OTM 150 pts), exp_move≈135.6'}",-0.057771448512560886,0.20116983143859746
2020-01-17,"('U', 'N', 'D')",U,1.0,1,1.5,0.006788335062895192,"{'side': 'PE', 'strike': 12150, 'otm_steps': 2, 'note': 'Sell weekly PE strike 12150 (OTM 100 pts), exp_move≈101.5'}",-0.05137528539923775,0.19104695488474
2020-01-24,"('N', 'D', 'U')",U,1.0,1,1.5,-0.021992277060456134,"{'side': 'PE', 'strike': 12250, 'otm_steps': 2, 'note': 'Sell weekly PE strike 12250 (OTM 100 pts), exp_move≈103.6'}",-0.0722377029491339,0.16322105719380575
2020-01-31,"('D', 'U', 'U')",U,0.4444444444444444,0,0.0,-0.0,"{'side': None, 'strike': None, 'otm_steps': None, 'note': 'No trade (neutral)'}",-0.0722377029491339,0.17647030893205784
2020-02-07,"('U', 'U', 'D')",U,0.5,0,0.0,0.0,"{'side': None, 'strike': None, 'otm_steps': None, 'note': 'No trade (neutral)'}",-0.0722377029491339,0.17793872335026717
2020-02-14,"('U', 'D', 'D')",U,0.5714285714285714,0,0.0,0.0,"{'side': None, 'strike': None, 'otm_steps': None, 'note': 'No trade (neutral)'}",-0.0722377029491339,0.1747685701766859
2020-02-21,"('D', 'D', 'U')",U,0.5,0,0.0,-0.0,"{'side': None, 'strike': None, 'otm_steps': None, 'note': 'No trade (neutral)'}",-0.0722377029491339,0.08928297731350487
2020-02-28,"('D', 'U', 'N')",U,0.5,0,0.0,-0.0,"{'side': None, 'strike': None, 'otm_steps': None, 'note': 'No trade (neutral)'}",-0.0722377029491339,0.06863847414809987
2020-03-06,"('U', 'N', 'D')",U,1.0,0,0.0,-0.0,"{'side': None, 'strike': None, 'otm_steps': None, 'note': 'No trade (neutral)'}",-0.0722377029491339,-0.03193428629437489
2020-03-13,"('N', 'D', 'D')",U,0.5096852882567168,0,0.0,-0.0,"{'side': None, 'strike': None, 'otm_steps': None, 'note': 'No trade (neutral)'}",-0.0722377029491339,-0.14957305539786436
2020-03-20,"('D', 'D', 'D')",D,0.5714285714285714,0,0.0,-0.0,"{'side': None, 'strike': None, 'otm_steps': None, 'note': 'No trade (neutral)'}",-0.0722377029491339,-0.15785811107378045
2020-03-27,"('D', 'D', 'D')",D,0.625,0,0.0,0.0,"{'side': None, 'strike': None, 'otm_steps': None, 'note': 'No trade (neutral)'}",-0.0722377029491339,-0.2139134046683484
2020-04-03,"('D', 'D', 'D')",D,0.6666666666666666,0,0.0,-0.0,"{'side': None, 'strike': None, 'otm_steps': None, 'note': 'No trade (neutral)'}",-0.0722377029491339,-0.11393862686775846
2020-04-10,"('D', 'D', 'U')",D,0.375,0,0.0,0.0,"{'side': None, 'strike': None, 'otm_steps': None, 'note': 'No trade (neutral)'}",-0.0722377029491339,-0.09888070792332271
2020-04-17,"('D', 'U', 'D')",D,0.42857142857142855,0,0.0,0.0,"{'side': None, 'strike': None, 'otm_steps': None, 'note': 'No trade (neutral)'}",-0.0722377029491339,-0.10980583274756972
2020-04-24,"('U', 'D', 'U')",D,0.5,0,0.0,-0.0,"{'side': None, 'strike': None, 'otm_steps': None, 'note': 'No trade (neutral)'}",-0.0722377029491339,-0.04120145035243716
2020-05-01,"('D', 'U', 'U')",D,0.4444444444444444,0,0.0,0.0,"{'side': None, 'strike': None, 'otm_steps': None, 'note': 'No trade (neutral)'}",-0.0722377029491339,-0.10036365169586103
2020-05-08,"('U', 'U', 'D')",D,0.625,0,0.0,-0.0,"{'side': None, 'strike': None, 'otm_steps': None, 'note': 'No trade (neutral)'}",-0.0722377029491339,-0.11151250958415138
2020-05-15,"('U', 'D', 'U')",U,0.5,0,0.0,-0.0,"{'side': None, 'strike': None, 'otm_steps': None, 'note': 'No trade (neutral)'}",-0.0722377029491339,-0.12100331174315637
2020-05-22,"('D', 'U', 'D')",D,0.42857142857142855,0,0.0,-0.0,"{'side': None, 'strike': None, 'otm_steps': None, 'note': 'No trade (neutral)'}",-0.0722377029491339,-0.06839043053040927
2020-05-29,"('U', 'D', 'D')",U,0.625,0,0.0,0.0,"{'side': None, 'strike': None, 'otm_steps': None, 'note': 'No trade (neutral)'}",-0.0722377029491339,-0.013754835283654288
2020-06-05,"('D', 'D', 'D')",D,0.6,0,0.0,0.0,"{'side': None, 'strike': None, 'otm_steps': None, 'note': 'No trade (neutral)'}",-0.0722377029491339,-0.030213080103464574
2020-06-12,"('D', 'D', 'U')",D,0.4444444444444444,0,0.0,-0.0,"{'side': None, 'strike': None, 'otm_steps': None, 'note': 'No trade (neutral)'}",-0.0722377029491339,-0.0038118188415530163
2020-06-19,"('D', 'U', 'U')",D,0.5,0,0.0,0.0,"{'side': None, 'strike': None, 'otm_steps': None, 'note': 'No trade (neutral)'}",-0.0722377029491339,0.009665914115751795
2020-06-26,"('U', 'U', 'D')",D,0.5555555555555556,0,0.0,0.0,"{'side': None, 'strike': None, 'otm_steps': None, 'note': 'No trade (neutral)'}",-0.0722377029491339,0.031482166974378556
2020-07-03,"('U', 'D', 'U')",D,0.4444444444444444,0,0.0,0.0,"{'side': None, 'strike': None, 'otm_steps': None, 'note': 'No trade (neutral)'}",-0.0722377029491339,0.04710900985204147
2020-07-10,"('D', 'U', 'U')",D,0.6,-1,0.2302345117528785,-0.0009489512402578725,"{'side': 'CE', 'strike': 11050, 'otm_steps': 9, 'note': 'Sell weekly CE strike 11050 (OTM 450 pts), exp_move≈450.8'}",-0.07311810413158482,0.06010546981759268
2020-07-17,"('U', 'U', 'U')",U,0.5,0,0.0,0.0,"{'side': None, 'strike': None, 'otm_steps': None, 'note': 'No trade (neutral)'}",-0.07311810413158482,0.08854397446784068
2020-07-24,"('U', 'U', 'U')",U,0.5555555555555556,0,0.0,0.0,"{'side': None, 'strike': None, 'otm_steps': None, 'note': 'No trade (neutral)'}",-0.07311810413158482,0.07680682017388474
2020-07-31,"('U', 'U', 'U')",U,0.6,1,0.3927303205727763,-0.005302289833199422,"{'side': 'PE', 'strike': 10900, 'otm_steps': 6, 'note': 'Sell weekly PE strike 10900 (OTM 300 pts), exp_move≈278.9'}",-0.07803270058462453,0.09047903756037501
2020-08-07,"('U', 'U', 'U')",U,0.6,1,0.3925079825495585,0.005555254134416437,"{'side': 'PE', 'strike': 10750, 'otm_steps': 6, 'note': 'Sell weekly PE strike 10750 (OTM 300 pts), exp_move≈276.1'}",-0.07291093793275061,0.08701240958800627
2020-08-14,"('U', 'U', 'D')",D,0.5,0,0.0,-0.0,"{'side': None, 'strike': None, 'otm_steps': None, 'note': 'No trade (neutral)'}",-0.07291093793275061,0.10579952947683124
2020-08-21,"('U', 'D', 'U')",U,0.5,0,0.0,0.0,"{'side': None, 'strike': None, 'otm_steps': None, 'note': 'No trade (neutral)'}",-0.07291093793275061,0.1326383807044098
2020-08-28,"('D', 'U', 'D')",D,0.5,0,0.0,0.0,"{'side': None, 'strike': None, 'otm_steps': None, 'note': 'No trade (neutral)'}",-0.07291093793275061,0.10212863587595766
2020-09-04,"('U', 'D', 'U')",D,0.45454545454545453,0,0.0,-0.0,"{'side': None, 'strike': None, 'otm_steps': None, 'note': 'No trade (neutral)'}",-0.07291093793275061,0.11482852607962113
2020-09-11,"('D', 'U', 'U')",D,0.5454545454545454,0,0.0,0.0,"{'side': None, 'strike': None, 'otm_steps': None, 'note': 'No trade (neutral)'}",-0.07291093793275061,0.11876683577062441
2020-09-18,"('U', 'U', 'D')",U,0.6,1,0.5861123823287486,-0.0017877817562765108,"{'side': 'PE', 'strike': 11250, 'otm_steps': 4, 'note': 'Sell weekly PE strike 11250 (OTM 200 pts), exp_move≈191.4'}",-0.07456837084435786,0.07455078180271468
2020-09-25,"('U', 'D', 'U')",U,0.5,0,0.0,-0.0,"{'side': None, 'strike': None, 'otm_steps': None, 'note': 'No trade (neutral)'}",-0.07456837084435786,0.11020952088646885
2020-10-02,"('D', 'U', 'D')",D,0.4444444444444444,0,0.0,0.0,"{'side': None, 'strike': None, 'otm_steps': None, 'note': 'No trade (neutral)'}",-0.07456837084435786,0.15856321209267676
2020-10-09,"('U', 'D', 'D')",U,0.625,1,0.4479248863171267,0.016625929224353953,"{'side': 'PE', 'strike': 11150, 'otm_steps': 5, 'note': 'Sell weekly PE strike 11150 (OTM 250 pts), exp_move≈259.8'}",-0.05918221007603752,0.1438067060282382
2020-10-16,"('D', 'D', 'U')",U,0.4444444444444444,0,0.0,-0.0,"{'side': None, 'strike': None, 'otm_steps': None, 'note': 'No trade (neutral)'}",-0.05918221007603752,0.16013361688048833
2020-10-23,"('D', 'U', 'U')",D,0.5833333333333334,0,0.0,0.0,"{'side': None, 'strike': None, 'otm_steps': None, 'note': 'No trade (neutral)'}",-0.05918221007603752,0.1321327971590076
2020-10-30,"('U', 'U', 'D')",U,0.6363636363636364,1,0.39489635379671906,-0.009758776664768709,"{'side': 'PE', 'strike': 11650, 'otm_steps': 6, 'note': 'Sell weekly PE strike 11650 (OTM 300 pts), exp_move≈313.6'}",-0.06836344077014667,0.19253474177538799
2020-11-06,"('U', 'D', 'U')",D,0.46153846153846156,0,0.0,0.0,"{'side': None, 'strike': None, 'otm_steps': None, 'note': 'No trade (neutral)'}",-0.06836344077014667,0.23691612650072513
2020-11-13,"('D', 'U', 'D')",U,0.4444444444444444,0,0.0,0.0,"{'side': None, 'strike': None, 'otm_steps': None, 'note': 'No trade (neutral)'}",-0.06836344077014667,0.25044248056532625
2020-11-20,"('U', 'D', 'U')",D,0.5,0,0.0,-0.0,"{'side': None, 'strike': None, 'otm_steps': None, 'note': 'No trade (neutral)'}",-0.06836344077014667,0.26112943793430143
2020-11-27,"('D', 'U', 'U')",D,0.6666666666666666,-1,0.35503957569253,-0.00023697222003798337,"{'side': 'CE', 'strike': 13250, 'otm_steps': 8, 'note': 'Sell weekly CE strike 13250 (OTM 400 pts), exp_move≈393.8'}",-0.06858421275385584,0.2892907452951001
2020-12-04,"('U', 'U', 'D')",U,0.6363636363636364,1,0.3401517305309733,0.005113124773723392,"{'side': 'PE', 'strike': 12550, 'otm_steps': 8, 'note': 'Sell weekly PE strike 12550 (OTM 400 pts), exp_move≈395.7'}",-0.0638217676174504,0.3141166636879902
2020-12-11,"('U', 'D', 'N')",U,1.0,1,0.6664078863365256,0.012509419147920009,"{'side': 'PE', 'strike': 12950, 'otm_steps': 6, 'note': 'Sell weekly PE strike 12950 (OTM 300 pts), exp_move≈324.5'}",-0.05211072171141817,0.3381063370206234
2020-12-18,"('D', 'N', 'U')",D,1.0,-1,0.6811125617096985,-0.009490372620915316,"{'side': 'CE', 'strike': 13800, 'otm_steps': 6, 'note': 'Sell weekly CE strike 13800 (OTM 300 pts), exp_move≈323.6'}",-0.061106544165747345,0.33700751898834613
2020-12-25,"('N', 'U', 'U')",D,1.0,-1,0.7371233749955857,-0.0003942372389116698,"{'side': 'CE', 'strike': 14050, 'otm_steps': 6, 'note': 'Sell weekly CE strike 14050 (OTM 300 pts), exp_move≈304.5'}",-0.06147669092940766,0.3631899852674241
2021-01-01,"('U', 'U', 'U')",U,0.5714285714285714,0,0.0,0.0,"{'side': None, 'strike': None, 'otm_steps': None, 'note': 'No trade (neutral)'}",-0.06147669092940766,0.3951583633147664
2021-01-08,"('U', 'U', 'N')",U,0.5,0,0.0,0.0,"{'side': None, 'strike': None, 'otm_steps': None, 'note': 'No trade (neutral)'}",-0.06147669092940766,0.40356497175892314
2021-01-15,"('U', 'N', 'U')",N,0.5,0,0.0,-0.0,"{'side': None, 'strike': None, 'otm_steps': None, 'note': 'No trade (neutral)'}",-0.06147669092940766,0.3975554218897157
2021-01-22,"('N', 'U', 'U')",D,0.5,0,0.0,-0.0,"{'side': None, 'strike': None, 'otm_steps': None, 'note': 'No trade (neutral)'}",-0.06147669092940766,0.3258586611000558
2021-01-29,"('U', 'U', 'D')",U,0.5833333333333334,0,0.0,-0.0,"{'side': None, 'strike': None, 'otm_steps': None, 'note': 'No trade (neutral)'}",-0.06147669092940766,0.4512671211347401
2021-02-05,"('U', 'D', 'D')",U,0.625,1,0.454659102253776,0.03851944058188931,"{'side': 'PE', 'strike': 13350, 'otm_steps': 6, 'note': 'Sell weekly PE strike 13350 (OTM 300 pts), exp_move≈305.7'}",-0.025325298090944748,0.474512853540499
2021-02-12,"('D', 'D', 'D')",U,0.5,0,0.0,0.0,"{'side': None, 'strike': None, 'otm_steps': None, 'note': 'No trade (neutral)'}",-0.025325298090944748,0.4568585484738188
2021-02-19,"('D', 'D', 'U')",U,0.4444444444444444,0,0.0,-0.0,"{'side': None, 'strike': None, 'otm_steps': None, 'note': 'No trade (neutral)'}",-0.025325298090944748,0.4128467601344137
2021-02-26,"('D', 'U', 'U')",D,0.7272727272727273,-1,0.32348120598633623,0.010134217242595335,"{'side': 'CE', 'strike': 15550, 'otm_steps': 11, 'note': 'Sell weekly CE strike 15550 (OTM 550 pts), exp_move≈549.3'}",-0.015447732920936486,0.45261388782160816
2021-03-05,"('U', 'U', 'D')",U,0.5,0,0.0,0.0,"{'side': None, 'strike': None, 'otm_steps': None, 'note': 'No trade (neutral)'}",-0.015447732920936486,0.46164288442439827
2021-03-12,"('U', 'D', 'D')",U,0.5555555555555556,0,0.0,0.0,"{'side': None, 'strike': None, 'otm_steps': None, 'note': 'No trade (neutral)'}",-0.015447732920936486,0.4337392119544099
2021-03-19,"('D', 'D', 'U')",U,0.5,0,0.0,-0.0,"{'side': None, 'strike': None, 'otm_steps': None, 'note': 'No trade (neutral)'}",-0.015447732920936486,0.4107219607677035
2021-03-26,"('D', 'U', 'N')",U,0.3333333333333333,0,0.0,-0.0,"{'side': None, 'strike': None, 'otm_steps': None, 'note': 'No trade (neutral)'}",-0.015447732920936486,0.4457340011391764
2021-04-02,"('U', 'N', 'D')",U,0.6666666666666666,1,0.27231242576461623,0.004446232800481066,"{'side': 'PE', 'strike': 13900, 'otm_steps': 12, 'note': 'Sell weekly PE strike 13900 (OTM 600 pts), exp_move≈579.2'}",-0.01107018433726159,0.4425736291649143
2021-04-09,"('N', 'D', 'D')",D,1.0,-1,0.4023081377389113,7.729054401184443e-05,"{'side': 'CE', 'strike': 15450, 'otm_steps': 12, 'note': 'Sell weekly CE strike 15450 (OTM 600 pts), exp_move≈602.7'}",-0.010993749413819476,0.4214720685983038
2021-04-16,"('D', 'D', 'U')",U,0.45454545454545453,0,0.0,-0.0,"{'side': None, 'strike': None, 'otm_steps': None, 'note': 'No trade (neutral)'}",-0.010993749413819476,0.3945845962634289
2021-04-23,"('D', 'U', 'N')",D,0.5,0,0.0,0.0,"{'side': None, 'strike': None, 'otm_steps': None, 'note': 'No trade (neutral)'}",-0.010993749413819476,0.42276052794165686
2021-04-30,"('U', 'N', 'N')",N,1.0,0,0.8377087615119753,0.0,"{'side': None, 'strike': None, 'otm_steps': None, 'note': 'No trade (neutral)'}",-0.010993749413819476,0.4414359712246603
2021-05-07,"('N', 'N', 'U')",D,1.0,-1,0.7815339274822166,-0.018462971823711066,"{'side': 'CE', 'strike': 14950, 'otm_steps': 6, 'note': 'Sell weekly CE strike 14950 (OTM 300 pts), exp_move≈305.3'}",-0.029253743951866196,0.4273017583557548
2021-05-14,"('N', 'U', 'U')",D,0.6666666666666666,-1,0.5784964713270826,0.0097053944187336,"{'side': 'CE', 'strike': 15100, 'otm_steps': 6, 'note': 'Sell weekly CE strike 15100 (OTM 300 pts), exp_move≈278.6'}",-0.01983226865641019,0.4756797601156111
2021-05-21,"('U', 'U', 'U')",U,0.5,0,0.0,0.0,"{'side': None, 'strike': None, 'otm_steps': None, 'note': 'No trade (neutral)'}",-0.01983226865641019,0.5009968276626744
2021-05-28,"('U', 'U', 'D')",U,0.5,0,0.0,0.0,"{'side': None, 'strike': None, 'otm_steps': None, 'note': 'No trade (neutral)'}",-0.01983226865641019,0.5238098132208759
2021-06-04,"('U', 'D', 'U')",U,0.5,0,0.0,0.0,"{'side': None, 'strike': None, 'otm_steps': None, 'note': 'No trade (neutral)'}",-0.01983226865641019,0.5363637451395504
2021-06-11,"('D', 'U', 'U')",D,0.8,-1,0.7241842349654601,-0.003419417414318214,"{'side': 'CE', 'strike': 15950, 'otm_steps': 6, 'note': 'Sell weekly CE strike 15950 (OTM 300 pts), exp_move≈282.3'}",-0.023183871265919143,0.5250836482468
2021-06-18,"('U', 'U', 'U')",U,0.5,0,0.0,-0.0,"{'side': None, 'strike': None, 'otm_steps': None, 'note': 'No trade (neutral)'}",-0.023183871265919143,0.5422955202297035
2021-06-25,"('U', 'U', 'U')",U,0.5714285714285714,0,0.0,0.0,"{'side': None, 'strike': None, 'otm_steps': None, 'note': 'No trade (neutral)'}",-0.023183871265919143,0.5288615652615853
2021-07-02,"('U', 'U', 'D')",U,0.5833333333333334,0,0.0,-0.0,"{'side': None, 'strike': None, 'otm_steps': None, 'note': 'No trade (neutral)'}",-0.023183871265919143,0.5257108795235426
2021-07-09,"('U', 'D', 'U')",U,0.5454545454545454,0,0.0,-0.0,"{'side': None, 'strike': None, 'otm_steps': None, 'note': 'No trade (neutral)'}",-0.023183871265919143,0.5484267178302518
2021-07-16,"('D', 'U', 'D')",D,0.5,0,0.0,0.0,"{'side': None, 'strike': None, 'otm_steps': None, 'note': 'No trade (neutral)'}",-0.023183871265919143,0.541877397699575
2021-07-23,"('U', 'D', 'D')",U,0.7142857142857143,1,0.8255479815037383,0.0053212882847354405,"{'side': 'PE', 'strike': 15700, 'otm_steps': 4, 'note': 'Sell weekly PE strike 15700 (OTM 200 pts), exp_move≈224.7'}",-0.017985951043745785,0.5328338717424561
2021-07-30,"('D', 'D', 'U')",N,0.4,0,0.0,-0.0,"{'side': None, 'strike': None, 'otm_steps': None, 'note': 'No trade (neutral)'}",-0.017985951043745785,0.579038547991406
2021-08-06,"('D', 'U', 'U')",D,0.7272727272727273,-1,1.1367474364556645,-0.026014659083293944,"{'side': 'CE', 'strike': 15900, 'otm_steps': 3, 'note': 'Sell weekly CE strike 15900 (OTM 150 pts), exp_move≈164.5'}",-0.04353271174234785,0.6073262512385553
2021-08-13,"('U', 'U', 'D')",U,0.6153846153846154,1,0.7834091501577952,0.011920978396031408,"{'side': 'PE', 'strike': 16050, 'otm_steps': 4, 'note': 'Sell weekly PE strike 16050 (OTM 200 pts), exp_move≈208.0'}",-0.03213068586251755,0.5996830511568112
2021-08-20,"('U', 'D', 'U')",U,0.5,0,0.0,-0.0,"{'side': None, 'strike': None, 'otm_steps': None, 'note': 'No trade (neutral)'}",-0.03213068586251755,0.6244505672430853
2021-08-27,"('D', 'U', 'U')",D,0.75,-1,0.9124967772703863,-0.006211683051098126,"{'side': 'CE', 'strike': 16650, 'otm_steps': 4, 'note': 'Sell weekly CE strike 16650 (OTM 200 pts), exp_move≈220.5'}",-0.0381427832768233,0.6845851907324361
2021-09-03,"('U', 'U', 'D')",U,0.6428571428571429,1,0.7957074695586958,0.025980726854347,"{'side': 'PE', 'strike': 16500, 'otm_steps': 4, 'note': 'Sell weekly PE strike 16500 (OTM 200 pts), exp_move≈220.1'}",-0.013153033656255975,0.6890243358138317
2021-09-10,"('U', 'D', 'U')",U,0.5384615384615384,0,0.0,-0.0,"{'side': None, 'strike': None, 'otm_steps': None, 'note': 'No trade (neutral)'}",-0.013153033656255975,0.7100189679296303
2021-09-17,"('D', 'U', 'U')",D,0.7692307692307693,-1,0.816677211073564,-0.01042271556315498,"{'side': 'CE', 'strike': 17600, 'otm_steps': 5, 'note': 'Sell weekly CE strike 17600 (OTM 250 pts), exp_move≈266.8'}",-0.023438658890819197,0.7360846295954768
2021-09-24,"('U', 'U', 'N')",D,0.5,0,0.0,0.0,"{'side': None, 'strike': None, 'otm_steps': None, 'note': 'No trade (neutral)'}",-0.023438658890819197,0.7048554443199992
2021-10-01,"('U', 'N', 'U')",U,1.0,1,1.1045011697601494,-0.024646414636879888,"{'side': 'PE', 'strike': 17600, 'otm_steps': 5, 'note': 'Sell weekly PE strike 17600 (OTM 250 pts), exp_move≈263.6'}",-0.047507394622143595,0.740168802608369
2021-10-08,"('N', 'U', 'U')",U,0.6666666666666666,1,0.6436284548176457,0.010217659042025247,"{'side': 'PE', 'strike': 17250, 'otm_steps': 6, 'note': 'Sell weekly PE strike 17250 (OTM 300 pts), exp_move≈296.2'}",-0.037775149940342256,0.7832812903889923
2021-10-15,"('U', 'U', 'D')",U,0.7142857142857143,1,0.7211159800224072,0.019009075768066316,"{'side': 'PE', 'strike': 17600, 'otm_steps': 6, 'note': 'Sell weekly PE strike 17600 (OTM 300 pts), exp_move≈289.1'}",-0.019484144859642005,0.7615330311101005
2021-10-22,"('U', 'D', 'U')",U,0.5714285714285714,0,0.0,-0.0,"{'side': None, 'strike': None, 'otm_steps': None, 'note': 'No trade (neutral)'}",-0.019484144859642005,0.7184304194918969
2021-10-29,"('D', 'U', 'U')",D,0.6923076923076923,-1,0.6555281230773234,0.02006012822035776,"{'side': 'CE', 'strike': 18400, 'otm_steps': 6, 'note': 'Sell weekly CE strike 18400 (OTM 300 pts), exp_move≈312.0'}",0.0001851289165673009,0.7422693863845315
2021-11-05,"('U', 'U', 'D')",U,0.7142857142857143,1,0.5844706985171931,0.004392626472240281,"{'side': 'PE', 'strike': 17300, 'otm_steps': 7, 'note': 'Sell weekly PE strike 17300 (OTM 350 pts), exp_move≈352.2'}",0.004578568590987153,0.7603515002175596
2021-11-12,"('U', 'D', 'D')",U,0.6666666666666666,1,0.5473315710549036,0.0018977627107737843,"{'side': 'PE', 'strike': 17550, 'otm_steps': 7, 'note': 'Sell weekly PE strike 17550 (OTM 350 pts), exp_move≈355.9'}",0.006485020338501624,0.727488569766445
2021-11-19,"('D', 'D', 'U')",U,0.5,0,0.0,-0.0,"{'side': None, 'strike': None, 'otm_steps': None, 'note': 'No trade (neutral)'}",0.006485020338501624,0.6556896286809826
2021-11-26,"('D', 'U', 'U')",D,0.7142857142857143,-1,0.6285649547759798,0.0271894243592285,"{'side': 'CE', 'strike': 18100, 'otm_steps': 7, 'note': 'Sell weekly CE strike 18100 (OTM 350 pts), exp_move≈329.2'}",0.03385076866769188,0.6722451157153855
2021-12-03,"('U', 'U', 'D')",U,0.6666666666666666,1,0.47921858234829295,0.003958837837040626,"{'side': 'PE', 'strike': 16650, 'otm_steps': 8, 'note': 'Sell weekly PE strike 16650 (OTM 400 pts), exp_move≈386.3'}",0.037943616208546915,0.7028376683672015
2021-12-10,"('U', 'D', 'D')",U,0.7142857142857143,1,0.5229294814184122,0.009184436594894778,"{'side': 'PE', 'strike': 16800, 'otm_steps': 8, 'note': 'Sell weekly PE strike 16800 (OTM 400 pts), exp_move≈383.1'}",0.047476543540690086,0.6516783873290346
2021-12-17,"('D', 'D', 'U')",U,0.5555555555555556,0,0.0,-0.0,"{'side': None, 'strike': None, 'otm_steps': None, 'note': 'No trade (neutral)'}",0.047476543540690086,0.6534823063802091
2021-12-24,"('D', 'U', 'U')",D,0.7857142857142857,0,0.0,0.0,"{'side': None, 'strike': None, 'otm_steps': None, 'note': 'No trade (neutral)'}",0.047476543540690086,0.6875463301225038
2021-12-31,"('U', 'U', 'D')",U,0.625,0,0.0,0.0,"{'side': None, 'strike': None, 'otm_steps': None, 'note': 'No trade (neutral)'}",0.047476543540690086,0.7321463199044742
2022-01-07,"('U', 'D', 'U')",U,0.6153846153846154,0,0.0,0.0,"{'side': None, 'strike': None, 'otm_steps': None, 'note': 'No trade (neutral)'}",0.047476543540690086,0.7752295590502396
2022-01-14,"('D', 'U', 'U')",D,0.7857142857142857,0,0.0,0.0,"{'side': None, 'strike': None, 'otm_steps': None, 'note': 'No trade (neutral)'}",0.047476543540690086,0.713130718796597
2022-01-21,"('U', 'U', 'U')",U,0.5,0,0.0,-0.0,"{'side': None, 'strike': None, 'otm_steps': None, 'note': 'No trade (neutral)'}",0.047476543540690086,0.6630314158827302
2022-01-28,"('U', 'U', 'U')",U,0.5555555555555556,0,0.0,-0.0,"{'side': None, 'strike': None, 'otm_steps': None, 'note': 'No trade (neutral)'}",0.047476543540690086,0.7033238794401655
2022-02-04,"('U', 'U', 'D')",U,0.6875,0,0.0,0.0,"{'side': None, 'strike': None, 'otm_steps': None, 'note': 'No trade (neutral)'}",0.047476543540690086,0.689559167994092
2022-02-11,"('U', 'D', 'D')",U,0.7142857142857143,1,0.46501485448770774,-0.002172414714408474,"{'side': 'PE', 'strike': 17050, 'otm_steps': 9, 'note': 'Sell weekly PE strike 17050 (OTM 450 pts), exp_move≈438.8'}",0.04520099008450451,0.6799857479379232
2022-02-18,"('D', 'D', 'U')",U,0.6666666666666666,0,0.0,0.0,"{'side': None, 'strike': None, 'otm_steps': None, 'note': 'No trade (neutral)'}",0.04520099008450451,0.6198997455558688
2022-02-25,"('D', 'U', 'D')",U,0.5,0,0.0,-0.0,"{'side': None, 'strike': None, 'otm_steps': None, 'note': 'No trade (neutral)'}",0.04520099008450451,0.579733772847884
2022-03-04,"('U', 'D', 'U')",U,0.6428571428571429,0,0.0,-0.0,"{'side': None, 'strike': None, 'otm_steps': None, 'note': 'No trade (neutral)'}",0.04520099008450451,0.6171817117022833
2022-03-11,"('D', 'U', 'D')",U,0.5714285714285714,0,0.0,0.0,"{'side': None, 'strike': None, 'otm_steps': None, 'note': 'No trade (neutral)'}",0.04520099008450451,0.6810311017447943
2022-03-18,"('U', 'D', 'D')",U,0.75,0,0.0,0.0,"{'side': None, 'strike': None, 'otm_steps': None, 'note': 'No trade (neutral)'}",0.04520099008450451,0.6679957069081659
2022-03-25,"('D', 'D', 'U')",U,0.6666666666666666,0,0.0,-0.0,"{'side': None, 'strike': None, 'otm_steps': None, 'note': 'No trade (neutral)'}",0.04520099008450451,0.718313614878666
2022-04-01,"('D', 'U', 'U')",D,0.7333333333333333,0,0.0,0.0,"{'side': None, 'strike': None, 'otm_steps': None, 'note': 'No trade (neutral)'}",0.04520099008450451,0.7293895411060118
2022-04-08,"('U', 'U', 'D')",U,0.6470588235294118,0,0.0,-0.0,"{'side': None, 'strike': None, 'otm_steps': None, 'note': 'No trade (neutral)'}",0.04520099008450451,0.6993709454317332
2022-04-15,"('U', 'D', 'U')",U,0.5714285714285714,0,0.0,-0.0,"{'side': None, 'strike': None, 'otm_steps': None, 'note': 'No trade (neutral)'}",0.04520099008450451,0.6698383709042175
2022-04-22,"('D', 'U', 'N')",D,0.5,0,0.0,-0.0,"{'side': None, 'strike': None, 'otm_steps': None, 'note': 'No trade (neutral)'}",0.04520099008450451,0.6630899131524461
2022-04-29,"('U', 'N', 'D')",D,1.0,-1,0.6506952656395028,-0.003576919612960457,"{'side': 'CE', 'strike': 17600, 'otm_steps': 9, 'note': 'Sell weekly CE strike 17600 (OTM 450 pts), exp_move≈430.4'}",0.04146239016358555,0.5958662942340494
2022-05-06,"('N', 'D', 'N')",U,0.6886813984853201,1,0.4486433257865265,-0.01360418890535998,"{'side': 'PE', 'strike': 16650, 'otm_steps': 9, 'note': 'Sell weekly PE strike 16650 (OTM 450 pts), exp_move≈428.2'}",0.027294139069972356,0.534691255019037
2022-05-13,"('D', 'N', 'U')",U,1.0,0,0.0,-0.0,"{'side': None, 'strike': None, 'otm_steps': None, 'note': 'No trade (neutral)'}",0.027294139069972356,0.5817564868818921
2022-05-20,"('N', 'U', 'D')",U,0.6838677576293675,0,0.0,0.0,"{'side': None, 'strike': None, 'otm_steps': None, 'note': 'No trade (neutral)'}",0.027294139069972356,0.59014847100862
2022-05-27,"('U', 'D', 'D')",U,0.875,0,0.0,0.0,"{'side': None, 'strike': None, 'otm_steps': None, 'note': 'No trade (neutral)'}",0.027294139069972356,0.6126941354397921
2022-06-03,"('D', 'D', 'U')",U,0.6666666666666666,0,0.0,0.0,"{'side': None, 'strike': None, 'otm_steps': None, 'note': 'No trade (neutral)'}",0.027294139069972356,0.5754988933949936
2022-06-10,"('D', 'U', 'U')",D,0.7142857142857143,0,0.0,-0.0,"{'side': None, 'strike': None, 'otm_steps': None, 'note': 'No trade (neutral)'}",0.027294139069972356,0.48717380887308637
2022-06-17,"('U', 'U', 'U')",U,0.5,0,0.0,-0.0,"{'side': None, 'strike': None, 'otm_steps': None, 'note': 'No trade (neutral)'}",0.027294139069972356,0.5266298374440646
2022-06-24,"('U', 'U', 'D')",U,0.625,0,0.0,0.0,"{'side': None, 'strike': None, 'otm_steps': None, 'note': 'No trade (neutral)'}",0.027294139069972356,0.5317642073819377
2022-07-01,"('U', 'D', 'D')",U,0.8888888888888888,0,0.0,-0.0,"{'side': None, 'strike': None, 'otm_steps': None, 'note': 'No trade (neutral)'}",0.027294139069972356,0.577327028036716
2022-07-08,"('D', 'D', 'U')",U,0.7,0,0.0,0.0,"{'side': None, 'strike': None, 'otm_steps': None, 'note': 'No trade (neutral)'}",0.027294139069972356,0.5606597694333915
2022-07-15,"('D', 'U', 'D')",U,0.5,0,0.0,-0.0,"{'side': None, 'strike': None, 'otm_steps': None, 'note': 'No trade (neutral)'}",0.027294139069972356,0.6258362688010322
2022-07-22,"('U', 'D', 'U')",U,0.5384615384615384,0,0.0,0.0,"{'side': None, 'strike': None, 'otm_steps': None, 'note': 'No trade (neutral)'}",0.027294139069972356,0.6685062285347785
2022-07-29,"('D', 'U', 'D')",U,0.5714285714285714,0,0.0,0.0,"{'side': None, 'strike': None, 'otm_steps': None, 'note': 'No trade (neutral)'}",0.027294139069972356,0.6917714283760761
2022-08-05,"('U', 'D', 'U')",U,0.5384615384615384,0,0.0,0.0,"{'side': None, 'strike': None, 'otm_steps': None, 'note': 'No trade (neutral)'}",0.027294139069972356,0.7210073381786042
2022-08-12,"('D', 'U', 'U')",D,0.7142857142857143,-1,0.3962640124072826,-0.006755272480605133,"{'side': 'CE', 'strike': 17900, 'otm_steps': 10, 'note': 'Sell weekly CE strike 17900 (OTM 500 pts), exp_move≈511.5'}",0.02035448724282607,0.7268709297628224
2022-08-19,"('U', 'U', 'U')",D,0.5714285714285714,0,0.0,-0.0,"{'side': None, 'strike': None, 'otm_steps': None, 'note': 'No trade (neutral)'}",0.02035448724282607,0.7074663597965742
2022-08-26,"('U', 'U', 'U')",D,0.5,0,0.0,-0.0,"{'side': None, 'strike': None, 'otm_steps': None, 'note': 'No trade (neutral)'}",0.02035448724282607,0.7055748847670265
2022-09-02,"('U', 'U', 'D')",U,0.5333333333333333,0,0.0,0.0,"{'side': None, 'strike': None, 'otm_steps': None, 'note': 'No trade (neutral)'}",0.02035448724282607,0.7341544096210539
2022-09-09,"('U', 'D', 'D')",U,0.9,1,0.8322385046615465,0.013607855874647062,"{'side': 'PE', 'strike': 17250, 'otm_steps': 6, 'note': 'Sell weekly PE strike 17250 (OTM 300 pts), exp_move≈309.3'}",0.03423932404627594,0.7047386397067696
2022-09-16,"('D', 'D', 'U')",U,0.6363636363636364,1,0.5938553046325694,-0.011949567199743147,"{'side': 'PE', 'strike': 17550, 'otm_steps': 6, 'note': 'Sell weekly PE strike 17550 (OTM 300 pts), exp_move≈311.7'}",0.02188061174296796,0.6849498490371602
2022-09-23,"('D', 'U', 'U')",D,0.6428571428571429,-1,0.5637528030253597,0.006855442109572878,"{'side': 'CE', 'strike': 17900, 'otm_steps': 7, 'note': 'Sell weekly CE strike 17900 (OTM 350 pts), exp_move≈326.0'}",0.028886055119666798,0.6622924130370667
2022-09-30,"('U', 'U', 'D')",U,0.5,0,0.0,-0.0,"{'side': None, 'strike': None, 'otm_steps': None, 'note': 'No trade (neutral)'}",0.028886055119666798,0.6837149488823131
2022-10-07,"('U', 'D', 'D')",U,0.9,1,0.9494804116982755,0.011800469410048968,"{'side': 'PE', 'strike': 16850, 'otm_steps': 5, 'note': 'Sell weekly PE strike 16850 (OTM 250 pts), exp_move≈264.3'}",0.04102739353953222,0.6711754513548673
2022-10-14,"('D', 'D', 'D')",U,1.0,1,1.1963793901497413,0.006393269849502942,"{'side': 'PE', 'strike': 17050, 'otm_steps': 5, 'note': 'Sell weekly PE strike 17050 (OTM 250 pts), exp_move≈236.0'}",0.0476829625871551,0.7091584123157268
2022-10-21,"('D', 'D', 'U')",U,0.6363636363636364,1,0.7959471562035136,0.02003238196138291,"{'side': 'PE', 'strike': 17000, 'otm_steps': 4, 'note': 'Sell weekly PE strike 17000 (OTM 200 pts), exp_move≈224.1'}",0.06867054786813442,0.7296278984874853
2022-10-28,"('D', 'U', 'U')",D,0.6428571428571429,-1,0.7502373436179217,-0.0021340554287396563,"{'side': 'CE', 'strike': 17850, 'otm_steps': 5, 'note': 'Sell weekly CE strike 17850 (OTM 250 pts), exp_move≈245.6'}",0.06638994568392231,0.7617518260929357
2022-11-04,"('U', 'U', 'U')",D,0.5555555555555556,0,0.0,0.0,"{'side': None, 'strike': None, 'otm_steps': None, 'note': 'No trade (neutral)'}",0.06638994568392231,0.784365389140742
2022-11-11,"('U', 'U', 'U')",D,0.5,0,0.0,0.0,"{'side': None, 'strike': None, 'otm_steps': None, 'note': 'No trade (neutral)'}",0.06638994568392231,0.7802764679728402
2022-11-18,"('U', 'U', 'U')",D,0.45454545454545453,0,0.0,-0.0,"{'side': None, 'strike': None, 'otm_steps': None, 'note': 'No trade (neutral)'}",0.06638994568392231,0.8002208082005577
2022-11-25,"('U', 'U', 'U')",U,0.5,0,0.0,0.0,"{'side': None, 'strike': None, 'otm_steps': None, 'note': 'No trade (neutral)'}",0.06638994568392231,0.8180501302608847
2022-12-02,"('U', 'U', 'D')",D,0.5333333333333333,0,0.0,0.0,"{'side': None, 'strike': None, 'otm_steps': None, 'note': 'No trade (neutral)'}",0.06638994568392231,0.7986503084496459
2022-12-09,"('U', 'D', 'U')",U,0.6,1,0.8442056549730154,-0.01005454897284493,"{'side': 'PE', 'strike': 18500, 'otm_steps': 4, 'note': 'Sell weekly PE strike 18500 (OTM 200 pts), exp_move≈216.7'}",0.055667875750893936,0.7765180183935929
2022-12-16,"('D', 'U', 'U')",D,0.5714285714285714,0,0.0,-0.0,"{'side': None, 'strike': None, 'otm_steps': None, 'note': 'No trade (neutral)'}",0.055667875750893936,0.7315727427793384
2022-12-23,"('U', 'U', 'D')",D,0.5,0,0.0,-0.0,"{'side': None, 'strike': None, 'otm_steps': None, 'note': 'No trade (neutral)'}",0.055667875750893936,0.760599543835252
2022-12-30,"('U', 'D', 'D')",U,0.8181818181818182,1,0.8594425328018163,0.013250464533100545,"{'side': 'PE', 'strike': 17500, 'otm_steps': 6, 'note': 'Sell weekly PE strike 17500 (OTM 300 pts), exp_move≈276.5'}",0.06965596549726483,0.7366923934366825
2023-01-06,"('D', 'D', 'D')",U,1.0,1,1.1011882159421955,-0.016534495094659464,"{'side': 'PE', 'strike': 17850, 'otm_steps': 5, 'note': 'Sell weekly PE strike 17850 (OTM 250 pts), exp_move≈268.1'}",0.05196974418277711,0.7461395125696011
2023-01-13,"('D', 'D', 'U')",U,0.6666666666666666,1,0.7106641946422837,0.00016027567412332967,"{'side': 'PE', 'strike': 17600, 'otm_steps': 5, 'note': 'Sell weekly PE strike 17600 (OTM 250 pts), exp_move≈273.2'}",0.05213834934268324,0.753048647886891
2023-01-20,"('D', 'U', 'D')",U,0.6,1,0.6943468652299938,-0.00021177152499933253,"{'side': 'PE', 'strike': 17700, 'otm_steps': 5, 'note': 'Sell weekly PE strike 17700 (OTM 250 pts), exp_move≈253.1'}",0.05191553639993263,0.7118859424793311
2023-01-27,"('U', 'D', 'N')",U,0.6001717580664949,1,0.7304010054387479,-0.020724669481899147,"{'side': 'PE', 'strike': 17800, 'otm_steps': 5, 'note': 'Sell weekly PE strike 17800 (OTM 250 pts), exp_move≈241.6'}",0.03011493458516945,0.7361674374188427
2023-02-03,"('D', 'N', 'N')",U,0.5685606060606061,0,0.0,0.0,"{'side': None, 'strike': None, 'otm_steps': None, 'note': 'No trade (neutral)'}",0.03011493458516945,0.7364056048741145
2023-02-10,"('N', 'N', 'D')",U,0.5426200783343641,0,0.0,0.0,"{'side': None, 'strike': None, 'otm_steps': None, 'note': 'No trade (neutral)'}",0.03011493458516945,0.7449336711234122
2023-02-17,"('N', 'D', 'U')",U,0.5649252262888627,0,0.0,0.0,"{'side': None, 'strike': None, 'otm_steps': None, 'note': 'No trade (neutral)'}",0.03011493458516945,0.6984131476032365
2023-02-24,"('D', 'U', 'U')",D,0.5714285714285714,0,0.0,-0.0,"{'side': None, 'strike': None, 'otm_steps': None, 'note': 'No trade (neutral)'}",0.03011493458516945,0.7109135203334047
2023-03-03,"('U', 'U', 'U')",D,0.5,0,0.0,0.0,"{'side': None, 'strike': None, 'otm_steps': None, 'note': 'No trade (neutral)'}",0.03011493458516945,0.6932689964660439
2023-03-10,"('U', 'U', 'D')",U,0.5333333333333333,0,0.0,-0.0,"{'side': None, 'strike': None, 'otm_steps': None, 'note': 'No trade (neutral)'}",0.03011493458516945,0.6628468076159653
2023-03-17,"('U', 'D', 'U')",U,0.6363636363636364,0,0.0,-0.0,"{'side': None, 'strike': None, 'otm_steps': None, 'note': 'No trade (neutral)'}",0.03011493458516945,0.6477742643541007
2023-03-24,"('D', 'U', 'D')",U,0.5,0,0.0,-0.0,"{'side': None, 'strike': None, 'otm_steps': None, 'note': 'No trade (neutral)'}",0.03011493458516945,0.6881005347752032
2023-03-31,"('U', 'D', 'D')",U,0.8,0,0.0,0.0,"{'side': None, 'strike': None, 'otm_steps': None, 'note': 'No trade (neutral)'}",0.03011493458516945,0.7113803589339296
2023-04-07,"('D', 'D', 'D')",U,1.0,0,0.0,0.0,"{'side': None, 'strike': None, 'otm_steps': None, 'note': 'No trade (neutral)'}",0.03011493458516945,0.7336342017582234
2023-04-14,"('D', 'D', 'U')",U,0.7,0,0.0,0.0,"{'side': None, 'strike': None, 'otm_steps': None, 'note': 'No trade (neutral)'}",0.03011493458516945,0.7138017280625273
2023-04-21,"('D', 'U', 'U')",D,0.5333333333333333,0,0.0,-0.0,"{'side': None, 'strike': None, 'otm_steps': None, 'note': 'No trade (neutral)'}",0.03011493458516945,0.7566806066166876
2023-04-28,"('U', 'U', 'U')",D,0.5384615384615384,0,0.0,0.0,"{'side': None, 'strike': None, 'otm_steps': None, 'note': 'No trade (neutral)'}",0.03011493458516945,0.7570695754750585
2023-05-05,"('U', 'U', 'D')",U,0.5625,0,0.0,-0.0,"{'side': None, 'strike': None, 'otm_steps': None, 'note': 'No trade (neutral)'}",0.03011493458516945,0.7809717877924183
2023-05-12,"('U', 'D', 'U')",U,0.5833333333333334,0,0.0,0.0,"{'side': None, 'strike': None, 'otm_steps': None, 'note': 'No trade (neutral)'}",0.03011493458516945,0.7701389671015542
2023-05-19,"('D', 'U', 'D')",D,0.42857142857142855,0,0.0,-0.0,"{'side': None, 'strike': None, 'otm_steps': None, 'note': 'No trade (neutral)'}",0.03011493458516945,0.7989177245397765
2023-05-26,"('U', 'D', 'U')",U,0.5,0,0.0,0.0,"{'side': None, 'strike': None, 'otm_steps': None, 'note': 'No trade (neutral)'}",0.03011493458516945,0.8022968914968722
2023-06-02,"('D', 'U', 'D')",U,0.5,0,0.0,-0.0,"{'side': None, 'strike': None, 'otm_steps': None, 'note': 'No trade (neutral)'}",0.03011493458516945,0.8051461643549176
2023-06-09,"('U', 'D', 'U')",D,0.46153846153846156,0,0.0,-0.0,"{'side': None, 'strike': None, 'otm_steps': None, 'note': 'No trade (neutral)'}",0.03011493458516945,0.8306819319217145
2023-06-16,"('D', 'U', 'D')",U,0.5555555555555556,0,0.0,0.0,"{'side': None, 'strike': None, 'otm_steps': None, 'note': 'No trade (neutral)'}",0.03011493458516945,0.81507455647959
2023-06-23,"('U', 'D', 'D')",U,0.7272727272727273,1,1.047696204355187,-0.01153545382978039,"{'side': 'PE', 'strike': 18650, 'otm_steps': 4, 'note': 'Sell weekly PE strike 18650 (OTM 200 pts), exp_move≈213.1'}",0.01823209131789505,0.8659857939000655
2023-06-30,"('D', 'D', 'U')",U,0.7272727272727273,1,0.9852525778501573,0.02672194056035763,"{'side': 'PE', 'strike': 18450, 'otm_steps': 4, 'note': 'Sell weekly PE strike 18450 (OTM 200 pts), exp_move≈224.7'}",0.04544122873874046,0.87986712003317
2023-07-07,"('D', 'U', 'D')",U,0.5555555555555556,0,0.0,0.0,"{'side': None, 'strike': None, 'otm_steps': None, 'note': 'No trade (neutral)'}",0.04544122873874046,0.9024953073984054
2023-07-14,"('U', 'D', 'U')",U,0.46153846153846156,0,0.0,0.0,"{'side': None, 'strike': None, 'otm_steps': None, 'note': 'No trade (neutral)'}",0.04544122873874046,0.9200475271323834
2023-07-21,"('D', 'U', 'U')",D,0.5,0,0.0,0.0,"{'side': None, 'strike': None, 'otm_steps': None, 'note': 'No trade (neutral)'}",0.04544122873874046,0.9104254859689183
2023-07-28,"('U', 'U', 'U')",D,0.5454545454545454,0,0.0,-0.0,"{'side': None, 'strike': None, 'otm_steps': None, 'note': 'No trade (neutral)'}",0.04544122873874046,0.8978763022052532
2023-08-04,"('U', 'U', 'U')",U,0.5,0,0.0,-0.0,"{'side': None, 'strike': None, 'otm_steps': None, 'note': 'No trade (neutral)'}",0.04544122873874046,0.8892509937413631
2023-08-11,"('U', 'U', 'D')",U,0.5,0,0.0,-0.0,"{'side': None, 'strike': None, 'otm_steps': None, 'note': 'No trade (neutral)'}",0.04544122873874046,0.8777617881019983
2023-08-18,"('U', 'D', 'D')",U,0.7272727272727273,1,1.0239886986801918,-0.0038985433320648717,"{'side': 'PE', 'strike': 19200, 'otm_steps': 5, 'note': 'Sell weekly PE strike 19200 (OTM 250 pts), exp_move≈225.0'}",0.04136553080737526,0.8734491338700532
2023-08-25,"('D', 'D', 'D')",U,1.0,1,1.3520882462588673,-0.0038384583670026565,"{'side': 'PE', 'strike': 19050, 'otm_steps': 5, 'note': 'Sell weekly PE strike 19050 (OTM 250 pts), exp_move≈232.9'}",0.037368292572539596,0.8899316892435118
2023-09-01,"('D', 'D', 'D')",U,0.75,1,1.0507284484458592,0.0074565180572309705,"{'side': 'PE', 'strike': 19050, 'otm_steps': 4, 'note': 'Sell weekly PE strike 19050 (OTM 200 pts), exp_move≈224.3'}",0.045103447978105615,0.9273357551456245
2023-09-08,"('D', 'D', 'D')",U,0.6,1,0.8802624540007195,0.013295126613653237,"{'side': 'PE', 'strike': 19250, 'otm_steps': 4, 'note': 'Sell weekly PE strike 19250 (OTM 200 pts), exp_move≈216.1'}",0.05899823064334009,0.963548793845177
2023-09-15,"('D', 'D', 'U')",U,0.6363636363636364,1,1.1161860428645014,0.016967240525385067,"{'side': 'PE', 'strike': 19600, 'otm_steps': 4, 'note': 'Sell weekly PE strike 19600 (OTM 200 pts), exp_move≈184.3'}",0.07696650833862284,0.9131676404499518
2023-09-22,"('D', 'U', 'U')",U,0.5384615384615384,0,0.0,-0.0,"{'side': None, 'strike': None, 'otm_steps': None, 'note': 'No trade (neutral)'}",0.07696650833862284,0.9096718588058252
2023-09-29,"('U', 'U', 'U')",D,0.5384615384615384,0,0.0,-0.0,"{'side': None, 'strike': None, 'otm_steps': None, 'note': 'No trade (neutral)'}",0.07696650833862284,0.9111498644971538
2023-10-06,"('U', 'U', 'D')",D,0.6153846153846154,-1,0.7497229505663783,-0.0011882384640987417,"{'side': 'CE', 'strike': 19900, 'otm_steps': 5, 'note': 'Sell weekly CE strike 19900 (OTM 250 pts), exp_move≈262.9'}",0.07568681530886878,0.9206359185011497
2023-10-13,"('U', 'D', 'D')",U,0.6666666666666666,1,0.8179321765133676,0.008857758713238007,"{'side': 'PE', 'strike': 19400, 'otm_steps': 5, 'note': 'Sell weekly PE strike 19400 (OTM 250 pts), exp_move≈261.3'}",0.08521498956988616,0.900370602994796
2023-10-20,"('D', 'D', 'N')",D,0.4347789465436524,0,0.0,-0.0,"{'side': None, 'strike': None, 'otm_steps': None, 'note': 'No trade (neutral)'}",0.08521498956988616,0.8521967719003445
2023-10-27,"('D', 'N', 'U')",D,1.0,-1,1.2015485577119829,0.029196075137308958,"{'side': 'CE', 'strike': 19800, 'otm_steps': 5, 'note': 'Sell weekly CE strike 19800 (OTM 250 pts), exp_move≈265.3'}",0.11689900794550256,0.8700260939606717
2023-11-03,"('N', 'U', 'D')",D,1.0,-1,1.0309165222218757,-0.009587664069877402,"{'side': 'CE', 'strike': 19350, 'otm_steps': 6, 'note': 'Sell weekly CE strike 19350 (OTM 300 pts), exp_move≈301.3'}",0.10619055545734168,0.8889640152525953
2023-11-10,"('U', 'D', 'D')",U,0.5833333333333334,0,0.0,0.0,"{'side': None, 'strike': None, 'otm_steps': None, 'note': 'No trade (neutral)'}",0.10619055545734168,0.9187640058702411
2023-11-17,"('D', 'D', 'U')",U,0.6363636363636364,0,0.0,0.0,"{'side': None, 'strike': None, 'otm_steps': None, 'note': 'No trade (neutral)'}",0.10619055545734168,0.9248803892271602
2023-11-24,"('D', 'U', 'U')",U,0.6666666666666666,0,0.0,0.0,"{'side': None, 'strike': None, 'otm_steps': None, 'note': 'No trade (neutral)'}",0.10619055545734168,0.9708955191281348
2023-12-01,"('U', 'U', 'U')",D,0.5714285714285714,0,0.0,0.0,"{'side': None, 'strike': None, 'otm_steps': None, 'note': 'No trade (neutral)'}",0.10619055545734168,1.0391109326648968
2023-12-08,"('U', 'U', 'U')",D,0.5333333333333333,0,0.0,0.0,"{'side': None, 'strike': None, 'otm_steps': None, 'note': 'No trade (neutral)'}",0.10619055545734168,1.0864922017251781
2023-12-15,"('U', 'U', 'U')",U,0.5,0,0.0,0.0,"{'side': None, 'strike': None, 'otm_steps': None, 'note': 'No trade (neutral)'}",0.10619055545734168,1.0760629742101138
2023-12-22,"('U', 'U', 'U')",U,0.5294117647058824,0,0.0,-0.0,"{'side': None, 'strike': None, 'otm_steps': None, 'note': 'No trade (neutral)'}",0.10619055545734168,1.113209500184516
2023-12-29,"('U', 'U', 'U')",U,0.5555555555555556,0,0.0,0.0,"{'side': None, 'strike': None, 'otm_steps': None, 'note': 'No trade (neutral)'}",0.10619055545734168,1.111206348549147
2024-01-05,"('U', 'U', 'D')",D,0.6363636363636364,-1,0.6124333303955126,0.00047774235651020316,"{'side': 'CE', 'strike': 22100, 'otm_steps': 7, 'note': 'Sell weekly CE strike 22100 (OTM 350 pts), exp_move≈368.3'}",0.10671902954005508,1.1290746054805512
2024-01-12,"('U', 'D', 'U')",D,0.6,-1,0.7971451954525132,-0.005386406901466733,"{'side': 'CE', 'strike': 21950, 'otm_steps': 5, 'note': 'Sell weekly CE strike 21950 (OTM 250 pts), exp_move≈266.5'}",0.10075779052135592,1.1026100987939143
2024-01-19,"('D', 'U', 'N')",D,1.0,-1,1.3238870765442208,0.02585863462228271,"{'side': 'CE', 'strike': 22150, 'otm_steps': 5, 'note': 'Sell weekly CE strike 22150 (OTM 250 pts), exp_move≈269.7'}",0.12922188403407886,1.0763740733263303
2024-01-26,"('U', 'N', 'U')",U,0.49624678154089924,0,0.0,-0.0,"{'side': None, 'strike': None, 'otm_steps': None, 'note': 'No trade (neutral)'}",0.12922188403407886,1.1251119852358995
2024-02-02,"('N', 'U', 'D')",D,1.0,-1,0.9986724698722125,-0.019602516017364412,"{'side': 'CE', 'strike': 21700, 'otm_steps': 7, 'note': 'Sell weekly CE strike 21700 (OTM 350 pts), exp_move≈348.7'}",0.10708629396514247,1.1181785393649615
2024-02-09,"('U', 'D', 'D')",U,0.5454545454545454,0,0.0,-0.0,"{'side': None, 'strike': None, 'otm_steps': None, 'note': 'No trade (neutral)'}",0.10708629396514247,1.14328640320231
2024-02-16,"('D', 'D', 'U')",U,0.7,1,0.6868768979931936,0.007558469812041737,"{'side': 'PE', 'strike': 21450, 'otm_steps': 7, 'note': 'Sell weekly PE strike 21450 (OTM 350 pts), exp_move≈362.0'}",0.11545417229740318,1.1600120641122502
2024-02-23,"('D', 'U', 'D')",U,0.625,1,0.739100338168111,0.0036531272176457416,"{'side': 'PE', 'strike': 21750, 'otm_steps': 6, 'note': 'Sell weekly PE strike 21750 (OTM 300 pts), exp_move≈304.0'}",0.11952906829425913,1.172269521232137
2024-03-01,"('U', 'D', 'U')",D,0.5,0,0.0,0.0,"{'side': None, 'strike': None, 'otm_steps': None, 'note': 'No trade (neutral)'}",0.11952906829425913,1.1873226920215632
2024-03-08,"('D', 'U', 'U')",U,0.7272727272727273,1,0.9922278667725033,0.003988256057351969,"{'side': 'PE', 'strike': 22100, 'otm_steps': 5, 'note': 'Sell weekly PE strike 22100 (OTM 250 pts), exp_move≈267.0'}",0.12399403688226518,1.141599288764367
2024-03-15,"('U', 'U', 'U')",U,0.5294117647058824,0,0.0,-0.0,"{'side': None, 'strike': None, 'otm_steps': None, 'note': 'No trade (neutral)'}",0.12399403688226518,1.1487369053007095
2024-03-22,"('U', 'U', 'U')",U,0.5555555555555556,0,0.0,0.0,"{'side': None, 'strike': None, 'otm_steps': None, 'note': 'No trade (neutral)'}",0.12399403688226518,1.1711172389744537
2024-03-29,"('U', 'U', 'D')",D,0.6,-1,0.7358624328218628,-0.012706995069041506,"{'side': 'CE', 'strike': 22400, 'otm_steps': 6, 'note': 'Sell weekly CE strike 22400 (OTM 300 pts), exp_move≈293.8'}",0.10971145019797013,1.1892819707046454
2024-04-05,"('U', 'D', 'U')",D,0.5,0,0.0,0.0,"{'side': None, 'strike': None, 'otm_steps': None, 'note': 'No trade (neutral)'}",0.10971145019797013,1.189836365283544
2024-04-12,"('D', 'U', 'U')",U,0.8181818181818182,1,1.164568885340803,-0.00304054225216238,"{'side': 'PE', 'strike': 22250, 'otm_steps': 5, 'note': 'Sell weekly PE strike 22250 (OTM 250 pts), exp_move≈258.0'}",0.10633732564593479,1.1536233265839915
2024-04-19,"('U', 'U', 'U')",U,0.5263157894736842,0,0.0,-0.0,"{'side': None, 'strike': None, 'otm_steps': None, 'note': 'No trade (neutral)'}",0.10633732564593479,1.1801655130865822
2024-04-26,"('U', 'U', 'D')",D,0.5454545454545454,0,0.0,0.0,"{'side': None, 'strike': None, 'otm_steps': None, 'note': 'No trade (neutral)'}",0.10633732564593479,1.1856013908675531
2024-05-03,"('U', 'D', 'D')",U,0.5454545454545454,0,0.0,0.0,"{'side': None, 'strike': None, 'otm_steps': None, 'note': 'No trade (neutral)'}",0.10633732564593479,1.1446964153139039
2024-05-10,"('D', 'D', 'U')",U,0.6,1,0.8759528350914363,-0.019660966666346567,"{'side': 'PE', 'strike': 22250, 'otm_steps': 5, 'note': 'Sell weekly PE strike 22250 (OTM 250 pts), exp_move≈251.1'}",0.08458566436467518,1.1846532792752744
2024-05-17,"('D', 'U', 'N')",U,1.0,1,1.2884576333535782,0.025628269329634336,"{'side': 'PE', 'strike': 21750, 'otm_steps': 6, 'note': 'Sell weekly PE strike 21750 (OTM 300 pts), exp_move≈279.2'}",0.1123817178820734,1.2323992066402782
2024-05-24,"('U', 'N', 'D')",U,0.47459893048128343,0,0.0,0.0,"{'side': None, 'strike': None, 'otm_steps': None, 'note': 'No trade (neutral)'}",0.1123817178820734,1.1909350883527212
2024-05-31,"('N', 'D', 'U')",U,1.0,1,1.2169980984631694,-0.026847547501884953,"{'side': 'PE', 'strike': 22650, 'otm_steps': 6, 'note': 'Sell weekly PE strike 22650 (OTM 300 pts), exp_move≈307.7'}",0.082516996871006,1.2647858021808491
2024-06-07,"('D', 'U', 'U')",U,0.8181818181818182,1,0.8760557589324527,-0.0017924347001596033,"{'side': 'PE', 'strike': 22200, 'otm_steps': 7, 'note': 'Sell weekly PE strike 22200 (OTM 350 pts), exp_move≈343.2'}",0.080576655842302,1.2818468727606538
2024-06-14,"('U', 'U', 'D')",D,0.5454545454545454,0,0.0,0.0,"{'side': None, 'strike': None, 'otm_steps': None, 'note': 'No trade (neutral)'}",0.080576655842302,1.2852989713786935
2024-06-21,"('U', 'D', 'D')",U,0.5,0,0.0,-0.0,"{'side': None, 'strike': None, 'otm_steps': None, 'note': 'No trade (neutral)'}",0.080576655842302,1.3348438797136617
2024-06-28,"('D', 'D', 'U')",U,0.5555555555555556,0,0.0,0.0,"{'side': None, 'strike': None, 'otm_steps': None, 'note': 'No trade (neutral)'}",0.080576655842302,1.365305003434817
2024-07-05,"('D', 'U', 'D')",U,0.625,1,0.5925134802537064,0.008171689952701209,"{'side': 'PE', 'strike': 23600, 'otm_steps': 8, 'note': 'Sell weekly PE strike 23600 (OTM 400 pts), exp_move≈413.1'}",0.08940679324397194,1.382643366267171
2024-07-12,"('U', 'D', 'U')",U,0.5,0,0.0,0.0,"{'side': None, 'strike': None, 'otm_steps': None, 'note': 'No trade (neutral)'}",0.08940679324397194,1.3854390799367104
2024-07-19,"('D', 'U', 'U')",U,0.75,1,0.7149079698547786,-0.0016485840022162643,"{'side': 'PE', 'strike': 24100, 'otm_steps': 8, 'note': 'Sell weekly PE strike 24100 (OTM 400 pts), exp_move≈419.2'}",0.08761081463272413,1.4149957750916737
2024-07-26,"('U', 'U', 'U')",U,0.5263157894736842,0,0.0,0.0,"{'side': None, 'strike': None, 'otm_steps': None, 'note': 'No trade (neutral)'}",0.08761081463272413,1.4036038116669016
2024-08-02,"('U', 'U', 'D')",D,0.5833333333333334,0,0.0,-0.0,"{'side': None, 'strike': None, 'otm_steps': None, 'note': 'No trade (neutral)'}",0.08761081463272413,1.3695496640870268
2024-08-09,"('U', 'D', 'U')",U,0.5,0,0.0,0.0,"{'side': None, 'strike': None, 'otm_steps': None, 'note': 'No trade (neutral)'}",0.08761081463272413,1.386435812636285
2024-08-16,"('D', 'U', 'D')",U,0.625,1,0.756213860572748,0.006874927634012187,"{'side': 'PE', 'strike': 24000, 'otm_steps': 7, 'note': 'Sell weekly PE strike 24000 (OTM 350 pts), exp_move≈328.5'}",0.095088060277293,1.4138581171514195
2024-08-23,"('U', 'D', 'U')",U,0.45454545454545453,0,0.0,0.0,"{'side': None, 'strike': None, 'otm_steps': None, 'note': 'No trade (neutral)'}",0.095088060277293,1.4539948412245463
2024-08-30,"('D', 'U', 'U')",U,0.75,1,1.2009826820139056,0.015903133489710067,"{'side': 'PE', 'strike': 24550, 'otm_steps': 5, 'note': 'Sell weekly PE strike 24550 (OTM 250 pts), exp_move≈252.8'}",0.11250339188287062,1.4166781413746068
2024-09-06,"('U', 'U', 'U')",U,0.5,0,0.0,-0.0,"{'side': None, 'strike': None, 'otm_steps': None, 'note': 'No trade (neutral)'}",0.11250339188287062,1.4657222143191824
2024-09-13,"('U', 'U', 'U')",U,0.5263157894736842,0,0.0,0.0,"{'side': None, 'strike': None, 'otm_steps': None, 'note': 'No trade (neutral)'}",0.11250339188287062,1.50796901847849
2024-09-20,"('U', 'U', 'D')",U,0.5454545454545454,0,0.0,0.0,"{'side': None, 'strike': None, 'otm_steps': None, 'note': 'No trade (neutral)'}",0.11250339188287062,1.5456989977404483
2024-09-27,"('U', 'D', 'U')",U,0.5,0,0.0,0.0,"{'side': None, 'strike': None, 'otm_steps': None, 'note': 'No trade (neutral)'}",0.11250339188287062,1.4324750631647065
2024-10-04,"('D', 'U', 'U')",U,0.8333333333333334,1,1.0313246245138208,-0.04142113634783751,"{'side': 'PE', 'strike': 25850, 'otm_steps': 7, 'note': 'Sell weekly PE strike 25850 (OTM 350 pts), exp_move≈345.0'}",0.06642223720025853,1.4275789556452056
2024-10-11,"('U', 'U', 'U')",U,0.5,0,0.0,-0.0,"{'side': None, 'strike': None, 'otm_steps': None, 'note': 'No trade (neutral)'}",0.06642223720025853,1.4168629395675727
2024-10-18,"('U', 'U', 'D')",U,0.5833333333333334,0,0.0,-0.0,"{'side': None, 'strike': None, 'otm_steps': None, 'note': 'No trade (neutral)'}",0.06642223720025853,1.3513946185930537
2024-10-25,"('U', 'D', 'D')",U,0.5555555555555556,0,0.0,-0.0,"{'side': None, 'strike': None, 'otm_steps': None, 'note': 'No trade (neutral)'}",0.06642223720025853,1.3634087802502584
2024-11-01,"('D', 'D', 'D')",U,0.6,1,0.4481482668699248,0.0009840335323021056,"{'side': 'PE', 'strike': 23650, 'otm_steps': 11, 'note': 'Sell weekly PE strike 23650 (OTM 550 pts), exp_move≈528.0'}",0.06747163244125631,1.348224370456372
2024-11-08,"('D', 'D', 'D')",U,0.5,0,0.0,-0.0,"{'side': None, 'strike': None, 'otm_steps': None, 'note': 'No trade (neutral)'}",0.06747163244125631,1.28837178737458
2024-11-15,"('D', 'D', 'U')",D,0.5,0,0.0,-0.0,"{'side': None, 'strike': None, 'otm_steps': None, 'note': 'No trade (neutral)'}",0.06747163244125631,1.3247939348207467
2024-11-22,"('D', 'U', 'D')",U,0.6666666666666666,0,0.0,0.0,"{'side': None, 'strike': None, 'otm_steps': None, 'note': 'No trade (neutral)'}",0.06747163244125631,1.3465615665720772
2024-11-29,"('U', 'D', 'D')",U,0.5,0,0.0,-0.0,"{'side': None, 'strike': None, 'otm_steps': None, 'note': 'No trade (neutral)'}",0.06747163244125631,1.3997239992456132
2024-12-06,"('D', 'D', 'U')",D,0.5555555555555556,0,0.0,0.0,"{'side': None, 'strike': None, 'otm_steps': None, 'note': 'No trade (neutral)'}",0.06747163244125631,1.40852441966625
2024-12-13,"('D', 'U', 'D')",U,0.6,0,0.0,0.0,"{'side': None, 'strike': None, 'otm_steps': None, 'note': 'No trade (neutral)'}",0.06747163244125631,1.2937007367047384
2024-12-20,"('U', 'D', 'U')",U,0.5,0,0.0,-0.0,"{'side': None, 'strike': None, 'otm_steps': None, 'note': 'No trade (neutral)'}",0.06747163244125631,1.3156677909664642
2024-12-27,"('D', 'U', 'U')",U,0.9090909090909091,0,0.0,0.0,"{'side': None, 'strike': None, 'otm_steps': None, 'note': 'No trade (neutral)'}",0.06747163244125631,1.3342750507435328
2025-01-03,"('U', 'U', 'D')",U,0.5454545454545454,0,0.0,0.0,"{'side': None, 'strike': None, 'otm_steps': None, 'note': 'No trade (neutral)'}",0.06747163244125631,1.2785309512282814
2025-01-10,"('U', 'D', 'U')",U,0.5384615384615384,0,0.0,-0.0,"{'side': None, 'strike': None, 'otm_steps': None, 'note': 'No trade (neutral)'}",0.06747163244125631,1.2563304776662934
2025-01-17,"('D', 'U', 'U')",U,0.8333333333333334,0,0.0,0.0,"{'side': None, 'strike': None, 'otm_steps': None, 'note': 'No trade (neutral)'}",0.06747163244125631,1.2455365918465064
2025-01-24,"('U', 'U', 'D')",U,0.5833333333333334,0,0.0,-0.0,"{'side': None, 'strike': None, 'otm_steps': None, 'note': 'No trade (neutral)'}",0.06747163244125631,1.2860089155156982
2025-01-31,"('U', 'D', 'N')",U,0.5282812612224377,0,0.0,0.0,"{'side': None, 'strike': None, 'otm_steps': None, 'note': 'No trade (neutral)'}",0.06747163244125631,1.2910216377222303
2025-02-07,"('D', 'N', 'D')",U,0.4940617593191123,0,0.0,0.0,"{'side': None, 'strike': None, 'otm_steps': None, 'note': 'No trade (neutral)'}",0.06747163244125631,1.22969104894911
2025-02-14,"('N', 'D', 'U')",U,1.0,0,0.0,-0.0,"{'side': None, 'strike': None, 'otm_steps': None, 'note': 'No trade (neutral)'}",0.06747163244125631,1.2167238376184168
2025-02-21,"('D', 'U', 'N')",U,0.5,0,0.0,-0.0,"{'side': None, 'strike': None, 'otm_steps': None, 'note': 'No trade (neutral)'}",0.06747163244125631,1.1514547492280927
2025-02-28,"('U', 'N', 'D')",U,1.0,0,0.0,-0.0,"{'side': None, 'strike': None, 'otm_steps': None, 'note': 'No trade (neutral)'}",0.06747163244125631,1.1930550446013197
2025-03-07,"('N', 'D', 'N')",U,0.4616075917546506,0,0.0,0.0,"{'side': None, 'strike': None, 'otm_steps': None, 'note': 'No trade (neutral)'}",0.06747163244125631,1.1779532527045973
2025-03-14,"('D', 'N', 'D')",U,1.0,0,0.0,-0.0,"{'side': None, 'strike': None, 'otm_steps': None, 'note': 'No trade (neutral)'}",0.06747163244125631,1.2706446456100564
2025-03-21,"('N', 'D', 'U')",U,0.5,0,0.0,0.0,"{'side': None, 'strike': None, 'otm_steps': None, 'note': 'No trade (neutral)'}",0.06747163244125631,1.2870736417950086
2025-03-28,"('D', 'U', 'D')",U,0.7777777777777778,0,0.0,0.0,"{'side': None, 'strike': None, 'otm_steps': None, 'note': 'No trade (neutral)'}",0.06747163244125631,1.2272793660567323
2025-04-04,"('U', 'D', 'U')",U,0.6153846153846154,0,0.0,-0.0,"{'side': None, 'strike': None, 'otm_steps': None, 'note': 'No trade (neutral)'}",0.06747163244125631,1.2198988339101087
2025-04-11,"('D', 'U', 'N')",D,0.6666666666666666,0,0.0,0.0,"{'side': None, 'strike': None, 'otm_steps': None, 'note': 'No trade (neutral)'}",0.06747163244125631,1.3193873056746352
2025-04-18,"('U', 'N', 'D')",U,0.5,0,0.0,0.0,"{'side': None, 'strike': None, 'otm_steps': None, 'note': 'No trade (neutral)'}",0.06747163244125631,1.3376395933832006
2025-04-25,"('N', 'D', 'U')",U,0.3333333333333333,0,0.0,0.0,"{'side': None, 'strike': None, 'otm_steps': None, 'note': 'No trade (neutral)'}",0.06747163244125631,1.3675269500530196
2025-05-02,"('D', 'U', 'U')",U,0.7272727272727273,1,0.4713774984139789,0.005413817520502439,"{'side': 'PE', 'strike': 23450, 'otm_steps': 12, 'note': 'Sell weekly PE strike 23450 (OTM 600 pts), exp_move≈604.9'}",0.0732507290676061,1.3345910879409604
2025-05-09,"('U', 'U', 'U')",D,0.5333333333333333,0,0.0,-0.0,"{'side': None, 'strike': None, 'otm_steps': None, 'note': 'No trade (neutral)'}",0.0732507290676061,1.4329808366363102
2025-05-16,"('U', 'U', 'U')",U,0.5,0,0.0,0.0,"{'side': None, 'strike': None, 'otm_steps': None, 'note': 'No trade (neutral)'}",0.0732507290676061,1.4167753835892007
2025-05-23,"('U', 'U', 'D')",D,0.45454545454545453,0,0.0,-0.0,"{'side': None, 'strike': None, 'otm_steps': None, 'note': 'No trade (neutral)'}",0.0732507290676061,1.4068128047484612
2025-05-30,"('U', 'D', 'U')",U,0.7272727272727273,1,0.47326957336759423,-0.003203016919404011,"{'side': 'PE', 'strike': 24250, 'otm_steps': 12, 'note': 'Sell weekly PE strike 24250 (OTM 600 pts), exp_move≈622.9'}",0.0698130888236399,1.4313520295418831
2025-06-06,"('D', 'U', 'D')",U,0.8571428571428571,1,0.6154437945284169,0.008316240450189487,"{'side': 'PE', 'strike': 24200, 'otm_steps': 11, 'note': 'Sell weekly PE strike 24200 (OTM 550 pts), exp_move≈562.2'}",0.07870991170705732,1.4036913676452762
2025-06-13,"('U', 'D', 'D')",U,0.625,1,0.4480482028545312,-0.007862181971909505,"{'side': 'PE', 'strike': 24450, 'otm_steps': 11, 'note': 'Sell weekly PE strike 24450 (OTM 550 pts), exp_move≈568.8'}",0.07022889808631394,1.441985427722352
2025-06-20,"('D', 'D', 'U')",D,0.5714285714285714,0,0.0,0.0,"{'side': None, 'strike': None, 'otm_steps': None, 'note': 'No trade (neutral)'}",0.07022889808631394,1.4930765252545841
2025-06-27,"('D', 'U', 'D')",U,0.7142857142857143,1,0.5670710210733715,0.015872026354895385,"{'side': 'PE', 'strike': 24600, 'otm_steps': 10, 'note': 'Sell weekly PE strike 24600 (OTM 500 pts), exp_move≈515.9'}",0.08721559936251078,1.4758840257441186
2025-07-04,"('U', 'D', 'U')",U,0.6363636363636364,1,0.6063173544006331,-0.004740841378138679,"{'side': 'PE', 'strike': 25200, 'otm_steps': 9, 'note': 'Sell weekly PE strike 25200 (OTM 450 pts), exp_move≈438.9'}",0.08206128266209523,1.4456270726883673
2025-07-11,"('D', 'U', 'U')",U,0.7272727272727273,1,0.6702286765434418,-0.007916185550565974,"{'side': 'PE', 'strike': 25000, 'otm_steps': 9, 'note': 'Sell weekly PE strike 25000 (OTM 450 pts), exp_move≈450.6'}",0.07349548477145862,1.4279825488210065
2025-07-18,"('U', 'U', 'D')",U,0.5,0,0.0,-0.0,"{'side': None, 'strike': None, 'otm_steps': None, 'note': 'No trade (neutral)'}",0.07349548477145862,1.415204883838289
2025-07-25,"('U', 'D', 'D')",U,0.6666666666666666,1,0.6114578951509607,-0.0039624056568044975,"{'side': 'PE', 'strike': 24500, 'otm_steps': 9, 'note': 'Sell weekly PE strike 24500 (OTM 450 pts), exp_move≈444.0'}",0.06924186019004619,1.3887889982589483
2025-08-01,"('D', 'D', 'D')",D,0.6,-1,0.8275412256166981,0.007249439925702214,"{'side': 'CE', 'strike': 25150, 'otm_steps': 6, 'note': 'Sell weekly CE strike 25150 (OTM 300 pts), exp_move≈293.7'}",0.0769932648215399,1.3691413227562186
2025-08-08,"('D', 'D', 'D')",D,0.6,-1,0.8061423985871591,0.007628445921659693,"{'side': 'CE', 'strike': 24850, 'otm_steps': 6, 'note': 'Sell weekly CE strike 24850 (OTM 300 pts), exp_move≈298.2'}",0.08520904970022292,1.3952022362670555
2025-08-15,"('D', 'D', 'D')",D,0.6,-1,0.7942636052037524,-0.008466869300222656,"{'side': 'CE', 'strike': 24650, 'otm_steps': 6, 'note': 'Sell weekly CE strike 24650 (OTM 300 pts), exp_move≈300.2'}",0.07602072651299219,1.4184235631560664
2025-08-22,"('D', 'D', 'D')",D,0.8,-1,1.0515729635626894,0.002871566925092505,"{'side': 'CE', 'strike': 24950, 'otm_steps': 6, 'note': 'Sell weekly CE strike 24950 (OTM 300 pts), exp_move≈305.6'}",0.0791105920419608,1.375320951537863
2025-08-29,"('D', 'D', 'U')",D,0.7142857142857143,-1,0.9456372280659944,0.01979654839002237,"{'side': 'CE', 'strike': 25150, 'otm_steps': 6, 'note': 'Sell weekly CE strike 25150 (OTM 300 pts), exp_move≈306.4'}",0.10047325709550514,1.4058696312373922
2025-09-05,"('D', 'U', 'D')",U,0.75,0,0.0,0.0,"{'side': None, 'strike': None, 'otm_steps': None, 'note': 'No trade (neutral)'}",0.10047325709550514,1.4421409772804603
2025-09-12,"('U', 'D', 'D')",U,0.6666666666666666,0,0.0,0.0,"{'side': None, 'strike': None, 'otm_steps': None, 'note': 'No trade (neutral)'}",0.10047325709550514,1.4628585070699098
2025-09-19,"('D', 'D', 'U')",D,0.75,0,0.0,0.0,"{'side': None, 'strike': None, 'otm_steps': None, 'note': 'No trade (neutral)'}",0.10047325709550514,1.397477552147564
2025-09-26,"('D', 'U', 'U')",U,0.6363636363636364,1,0.8776822376865778,-0.02028838019645386,"{'side': 'PE', 'strike': 25050, 'otm_steps': 6, 'note': 'Sell weekly PE strike 25050 (OTM 300 pts), exp_move≈299.5'}",0.07814643725952153,1.4207720006237197
2025-10-03,"('U', 'U', 'U')",U,0.5,0,0.0,0.0,"{'side': None, 'strike': None, 'otm_steps': None, 'note': 'No trade (neutral)'}",0.07814643725952153,1.4588033927656752
2025-10-10,"('U', 'U', 'D')",U,0.5454545454545454,0,0.0,0.0,"{'side': None, 'strike': None, 'otm_steps': None, 'note': 'No trade (neutral)'}",0.07814643725952153,1.5000827128602663
2025-10-17,"('U', 'D', 'U')",U,0.6666666666666666,1,0.7255293178608606,0.015346354692830144,"{'side': 'PE', 'strike': 24900, 'otm_steps': 8, 'note': 'Sell weekly PE strike 24900 (OTM 400 pts), exp_move≈378.9'}",0.09469205489651711,1.5083775497355019
2025-10-24,"('D', 'U', 'U')",U,0.6666666666666666,1,0.7252039330639547,-0.0008269901406489852,"{'side': 'PE', 'strike': 25300, 'otm_steps': 8, 'note': 'Sell weekly PE strike 25300 (OTM 400 pts), exp_move≈385.5'}",0.09378675536007086,1.5012739299890265
2025-10-31,"('U', 'U', 'U')",D,0.5333333333333333,0,0.0,-0.0,"{'side': None, 'strike': None, 'otm_steps': None, 'note': 'No trade (neutral)'}",0.09378675536007086,1.47892778303135
2025-11-07,"('U', 'U', 'N')",D,0.5200320512820513,0,0.0,-0.0,"{'side': None, 'strike': None, 'otm_steps': None, 'note': 'No trade (neutral)'}",0.09378675536007086,1.4869063927829589
2025-11-14,"('U', 'N', 'D')",U,0.6666666666666666,1,0.7909111122558539,0.0021971785579890614,"{'side': 'PE', 'strike': 25150, 'otm_steps': 7, 'note': 'Sell weekly PE strike 25150 (OTM 350 pts), exp_move≈350.4'}",0.09619000016596035,1.4869063927829589
